year,day_num,day,hours,AM,Date,Time,Temperature,Humidity,PM2.5,CO,NOx,Location,Aqi_PM,Aqi_CO,Aqi_NOx,PM2.5_prev_1,PM2.5_prev_2,CO_prev_1,CO_prev_2,NOx_prev_1,NOx_prev_2,TimeStamp
2021,28,7,14,0,2021-02-28,02:32:30pm,0.0,0.0,67,3.93,4.32,Faisal_Town,67,3,4,67,67,3,3,4,4,128792
2021,28,7,14,0,2021-02-28,02:32:46pm,0.0,0.0,67,4.59,4.76,Faisal_Town,67,4,4,67,67,4,4,4,4,128792
2021,28,7,14,0,2021-02-28,02:33:02pm,0.0,0.0,67,5.11,5.09,Faisal_Town,67,5,5,67,67,5,5,5,5,128793
2021,28,7,14,0,2021-02-28,02:33:17pm,0.0,0.0,67,4.51,4.71,Faisal_Town,67,4,4,67,67,4,4,4,4,128793
2021,28,7,14,0,2021-02-28,02:33:55pm,0.0,0.0,67,3.93,4.32,Faisal_Town,67,3,4,67,67,3,3,4,4,128793
2021,28,7,14,0,2021-02-28,02:41:30pm,0.0,0.0,49,14.42,9.77,Faisal_Town,49,14,9,49,49,14,14,9,9,128801
2021,28,7,14,0,2021-02-28,02:51:35pm,0.0,0.0,49,10.26,7.89,Faisal_Town,126,139,84,61,61,7,7,6,6,128811
2021,28,7,15,0,2021-02-28,03:04:47pm,0.0,0.0,43,9.82,7.68,Faisal_Town,119,150,89,57,57,8,8,6,6,128824
2021,28,7,15,0,2021-02-28,03:07:33pm,0.0,0.0,41,10.23,7.88,Faisal_Town,111,152,94,52,52,8,8,7,7,128827
2021,28,7,15,0,2021-02-28,03:17:39pm,0.0,0.0,41,12.03,8.72,Faisal_Town,104,155,101,48,48,10,10,7,7,128837
2021,28,7,15,0,2021-02-28,03:27:44pm,0.0,0.0,41,11.33,8.4,Faisal_Town,96,158,102,44,44,11,11,8,8,128847
2021,28,7,15,0,2021-02-28,03:37:49pm,0.0,0.0,41,26.43,14.3,Faisal_Town,93,162,103,42,42,13,13,9,9,128857
2021,28,7,15,0,2021-02-28,03:47:54pm,0.0,0.0,41,25.24,13.89,Faisal_Town,91,168,105,41,61,15,7,10,6,128867
2021,28,7,15,0,2021-02-28,03:58:00pm,0.0,0.0,41,16.82,10.76,Faisal_Town,91,170,106,41,57,17,8,10,6,128878
2021,28,7,16,0,2021-02-28,04:08:05pm,0.0,0.0,41,22.79,13.03,Faisal_Town,91,175,107,41,52,19,8,11,7,128888
2021,28,7,16,0,2021-02-28,04:18:10pm,0.0,0.0,41,14.11,9.64,Faisal_Town,91,176,107,41,48,19,10,11,7,128898
2021,28,7,16,0,2021-02-28,04:28:15pm,0.0,0.0,41,19.98,11.99,Faisal_Town,91,179,108,41,44,20,11,12,8,128908
2021,28,7,16,0,2021-02-28,04:38:21pm,0.0,0.0,41,19.6,11.85,Faisal_Town,91,177,108,41,42,19,13,11,9,128918
2021,28,7,16,0,2021-02-28,04:48:26pm,0.0,0.0,41,19.05,11.64,Faisal_Town,91,174,107,41,41,18,15,11,10,128928
2021,28,7,16,0,2021-02-28,04:58:31pm,0.0,0.0,41,24.32,13.57,Faisal_Town,91,177,108,41,41,19,17,11,10,128938
2021,28,7,17,0,2021-02-28,05:08:36pm,0.0,0.0,41,22.79,13.03,Faisal_Town,91,177,108,41,41,19,19,11,11,128948
2021,28,7,17,0,2021-02-28,05:18:42pm,0.0,0.0,41,28.44,14.97,Faisal_Town,91,182,109,41,41,22,19,12,11,128958
2021,28,7,17,0,2021-02-28,05:28:47pm,0.0,0.0,41,30.59,15.67,Faisal_Town,91,186,110,41,41,24,20,13,12,128968
2021,28,7,17,0,2021-02-28,05:48:52pm,0.0,0.0,41,35.64,17.25,Faisal_Town,91,192,112,41,41,26,19,14,11,128988
2021,28,7,18,0,2021-02-28,06:18:58pm,0.0,0.0,43,50.65,21.52,Faisal_Town,91,203,114,41,41,32,18,16,11,129018
2021,28,7,18,0,2021-02-28,06:43:47pm,0.0,0.0,67,8.13,6.82,Faisal_Town,98,198,112,45,41,29,19,14,11,129043
2021,28,7,18,0,2021-02-28,06:53:53pm,0.0,0.0,67,9.93,7.73,Faisal_Town,107,193,111,50,41,27,19,13,11,129053
2021,28,7,19,0,2021-02-28,07:03:58pm,0.0,0.0,67,12.69,9.02,Faisal_Town,114,187,109,54,41,24,22,13,12,129063
2021,28,7,19,0,2021-02-28,07:14:03pm,0.0,0.0,67,15.8,10.35,Faisal_Town,121,182,108,58,41,22,24,12,13,129074
2021,28,7,19,0,2021-02-28,07:24:09pm,0.0,0.0,67,5.74,5.48,Faisal_Town,129,171,105,63,41,17,26,10,14,129084
2021,28,7,19,0,2021-02-28,07:34:14pm,0.0,0.0,67,6.75,6.07,Faisal_Town,136,154,101,67,41,9,32,7,16,129094
2021,28,7,19,0,2021-02-28,07:44:19pm,0.0,0.0,67,5.83,5.54,Faisal_Town,136,154,98,67,45,9,29,7,14,129104
2021,28,7,19,0,2021-02-28,07:54:24pm,0.0,0.0,67,8.6,7.06,Faisal_Town,136,153,97,67,50,9,27,7,13,129114
2021,28,7,20,0,2021-02-28,08:04:30pm,0.0,0.0,67,6.7,6.04,Faisal_Town,136,151,91,67,54,8,24,6,13,129124
2021,28,7,20,0,2021-02-28,08:14:35pm,0.0,0.0,67,6.87,6.13,Faisal_Town,136,134,83,67,58,6,22,6,12,129134
2021,28,7,20,0,2021-02-28,08:24:41pm,0.0,0.0,67,7.38,6.42,Faisal_Town,136,137,85,67,63,7,17,6,10,129144
2021,28,7,21,0,2021-02-28,09:57:04pm,0.0,0.0,179,4.18,4.49,Faisal_Town,155,132,82,85,67,6,9,5,7,129237
2021,28,7,22,0,2021-02-28,10:07:09pm,0.0,0.0,179,3.57,4.07,Faisal_Town,165,127,79,104,67,6,9,5,7,129247
2021,28,7,23,0,2021-02-28,11:38:21pm,0.0,0.0,159,19.93,11.98,Faisal_Town,172,151,89,119,67,8,9,6,7,129338
2021,01,1,0,1,2021-03-01,12:12:52am,0.0,0.0,177,21.11,12.42,Faisal_Town,182,156,101,138,67,10,8,7,6,132852
2021,01,1,0,1,2021-03-01,12:22:57am,0.0,0.0,177,8.25,6.88,Faisal_Town,190,156,101,156,67,10,6,7,6,132862
2021,01,1,0,1,2021-03-01,12:33:02am,0.0,0.0,177,8.99,7.27,Faisal_Town,199,157,101,174,67,11,7,7,6,132873
2021,01,1,01,1,2021-03-01,01:13:08am,0.0,0.0,177,6.61,5.99,Faisal_Town,199,158,101,174,85,11,6,8,5,132913
2021,01,1,01,1,2021-03-01,01:43:14am,0.0,0.0,177,6.88,6.14,Faisal_Town,199,159,102,174,104,11,6,8,5,132943
2021,01,1,02,1,2021-03-01,02:33:20am,0.0,0.0,177,5.64,5.42,Faisal_Town,203,154,98,177,119,9,8,7,6,132993
2021,01,1,02,1,2021-03-01,02:43:25am,0.0,0.0,177,5.46,5.31,Faisal_Town,203,137,85,177,138,6,10,6,7,133003
2021,01,1,02,1,2021-03-01,02:53:31am,0.0,0.0,177,5.21,5.15,Faisal_Town,203,130,81,177,156,6,10,5,7,133013
2021,01,1,03,1,2021-03-01,03:03:36am,0.0,0.0,180,6.51,5.93,Faisal_Town,203,125,79,177,174,6,11,5,7,133023
2021,01,1,03,1,2021-03-01,03:23:41am,0.0,0.0,180,7.87,6.68,Faisal_Town,204,128,80,178,174,6,11,5,8,133043
2021,01,1,03,1,2021-03-01,03:33:47am,0.0,0.0,180,6.72,6.05,Faisal_Town,204,127,80,178,174,6,11,5,8,133053
2021,01,1,03,1,2021-03-01,03:43:52am,0.0,0.0,180,7.16,6.29,Faisal_Town,204,131,82,179,177,6,9,5,7,133063
2021,01,1,03,1,2021-03-01,03:53:57am,0.0,0.0,180,9.8,7.67,Faisal_Town,204,140,86,179,177,7,6,6,6,133073
2021,01,1,04,1,2021-03-01,04:04:02am,0.0,0.0,180,7.22,6.33,Faisal_Town,205,144,88,180,177,7,6,6,5,133084
2021,01,1,04,1,2021-03-01,04:14:08am,0.0,0.0,180,5.87,5.56,Faisal_Town,205,142,88,180,177,7,6,6,5,133094
2021,01,1,04,1,2021-03-01,04:24:13am,0.0,0.0,180,4.96,5.0,Faisal_Town,205,136,84,180,178,6,6,6,5,133104
2021,01,1,04,1,2021-03-01,04:34:26am,0.0,0.0,281,3.92,4.31,Faisal_Town,219,131,81,196,178,6,6,5,5,133114
2021,01,1,04,1,2021-03-01,04:44:32am,0.0,0.0,281,4.05,4.4,Faisal_Town,233,124,78,213,179,5,6,5,5,133124
2021,01,1,04,1,2021-03-01,04:54:37am,0.0,0.0,281,3.7,4.16,Faisal_Town,248,111,71,230,179,4,7,4,6,133134
2021,01,1,05,1,2021-03-01,05:04:42am,0.0,0.0,281,3.62,4.1,Faisal_Town,262,104,67,247,180,4,7,4,6,133144
2021,01,1,05,1,2021-03-01,05:14:47am,0.0,0.0,281,2.75,3.45,Faisal_Town,276,95,63,264,180,3,7,4,6,133154
2021,01,1,05,1,2021-03-01,05:24:53am,0.0,0.0,281,2.93,3.59,Faisal_Town,291,86,61,281,180,3,6,4,6,133164
2021,01,1,05,1,2021-03-01,05:34:58am,0.0,0.0,281,2.75,3.45,Faisal_Town,291,81,59,281,196,3,6,3,5,133174
2021,01,1,05,1,2021-03-01,05:45:03am,0.0,0.0,281,3.59,4.08,Faisal_Town,291,79,58,281,213,3,5,3,5,133185
2021,01,1,05,1,2021-03-01,05:55:08am,0.0,0.0,281,2.88,3.56,Faisal_Town,291,76,57,281,230,3,4,3,4,133195
2021,01,1,06,1,2021-03-01,06:05:14am,0.0,0.0,281,3.1,3.72,Faisal_Town,291,74,57,281,247,3,4,3,4,133205
2021,01,1,06,1,2021-03-01,06:15:19am,0.0,0.0,281,3.08,3.7,Faisal_Town,291,75,57,281,264,3,3,3,4,133215
2021,01,1,06,1,2021-03-01,06:25:24am,0.0,0.0,281,3.34,3.9,Faisal_Town,291,77,58,281,281,3,3,3,4,133225
2021,01,1,06,1,2021-03-01,06:35:29am,0.0,0.0,281,2.88,3.56,Faisal_Town,291,77,58,281,281,3,3,3,3,133235
2021,01,1,06,1,2021-03-01,06:45:35am,0.0,0.0,281,2.57,3.31,Faisal_Town,291,73,56,281,281,2,3,3,3,133245
2021,01,1,06,1,2021-03-01,06:55:40am,0.0,0.0,281,2.88,3.56,Faisal_Town,291,73,56,281,281,2,3,3,3,133255
2021,01,1,07,1,2021-03-01,07:35:46am,0.0,0.0,282,4.78,4.89,Faisal_Town,291,80,59,281,281,3,3,3,3,133295
2021,01,1,07,1,2021-03-01,07:45:51am,0.0,0.0,282,9.75,7.64,Faisal_Town,291,104,66,281,281,4,3,4,3,133305
2021,01,1,07,1,2021-03-01,07:55:56am,0.0,0.0,282,12.39,8.89,Faisal_Town,291,123,75,281,281,5,3,5,3,133315
2021,01,1,08,1,2021-03-01,08:06:02am,0.0,0.0,282,5.83,5.53,Faisal_Town,291,129,79,281,281,6,3,5,3,133326
2021,01,1,08,1,2021-03-01,08:16:07am,0.0,0.0,282,2.95,3.61,Faisal_Town,291,130,79,281,281,6,2,5,3,133336
2021,01,1,08,1,2021-03-01,08:26:12am,0.0,0.0,282,3.42,3.96,Faisal_Town,292,131,80,282,281,6,2,5,3,133346
2021,01,1,08,1,2021-03-01,08:46:18am,0.0,0.0,282,2.37,3.14,Faisal_Town,292,126,77,282,281,6,3,5,3,133366
2021,01,1,09,1,2021-03-01,09:06:24am,0.0,0.0,282,1.59,2.44,Faisal_Town,292,109,67,282,281,4,4,4,4,133386
2021,01,1,09,1,2021-03-01,09:46:30am,0.0,0.0,282,0.84,1.64,Faisal_Town,292,69,54,282,281,2,5,3,5,133426
2021,01,1,11,1,2021-03-01,11:07:11am,0.0,0.0,86,4.72,4.84,Faisal_Town,264,65,52,249,281,2,6,3,5,133507
2021,01,1,11,1,2021-03-01,11:17:16am,0.0,0.0,86,2.92,3.59,Faisal_Town,236,65,52,216,281,2,6,3,5,133517
2021,01,1,11,1,2021-03-01,11:27:21am,0.0,0.0,86,3.03,3.67,Faisal_Town,209,63,52,184,282,2,6,3,5,133527
2021,01,1,11,1,2021-03-01,11:37:30am,0.0,0.0,86,2.74,3.44,Faisal_Town,188,64,52,151,282,2,6,3,5,133537
2021,01,1,11,1,2021-03-01,11:47:35am,0.0,0.0,86,3.42,3.96,Faisal_Town,172,72,55,118,282,2,4,3,4,133547
2021,01,1,11,1,2021-03-01,11:57:40am,0.0,0.0,86,2.64,3.36,Faisal_Town,156,80,58,86,282,3,2,3,3,133557
2021,01,1,12,0,2021-03-01,12:07:46pm,0.0,0.0,86,2.69,3.4,Faisal_Town,156,71,56,86,249,2,2,3,3,133567
2021,01,1,12,0,2021-03-01,12:17:51pm,0.0,0.0,86,2.95,3.61,Faisal_Town,156,71,56,86,216,2,2,3,3,133577
2021,01,1,12,0,2021-03-01,12:27:56pm,0.0,0.0,86,2.43,3.19,Faisal_Town,156,69,55,86,184,2,2,3,3,133587
2021,01,1,12,0,2021-03-01,12:38:02pm,0.0,0.0,86,2.19,2.99,Faisal_Town,156,66,54,86,151,2,2,3,3,133598
2021,01,1,12,0,2021-03-01,12:48:07pm,0.0,0.0,86,2.23,3.02,Faisal_Town,156,61,52,86,118,2,2,3,3,133608
2021,01,1,12,0,2021-03-01,12:58:12pm,0.0,0.0,86,2.92,3.59,Faisal_Town,156,63,53,86,86,2,3,3,3,133618
2021,01,1,13,0,2021-03-01,01:08:17pm,0.0,0.0,86,2.34,3.12,Faisal_Town,156,61,52,86,86,2,2,3,3,133628
2021,01,1,13,0,2021-03-01,01:18:23pm,0.0,0.0,86,2.23,3.02,Faisal_Town,156,58,51,86,86,2,2,3,3,133638
2021,01,1,13,0,2021-03-01,01:28:28pm,0.0,0.0,86,2.29,3.08,Faisal_Town,156,57,51,86,86,2,2,3,3,133648
2021,01,1,13,0,2021-03-01,01:38:33pm,0.0,0.0,86,2.74,3.44,Faisal_Town,156,60,52,86,86,2,2,3,3,133658
2021,01,1,13,0,2021-03-01,01:48:38pm,0.0,0.0,86,1.63,2.49,Faisal_Town,156,57,51,86,86,2,2,3,3,133668
2021,01,1,13,0,2021-03-01,01:58:44pm,0.0,0.0,87,2.23,3.02,Faisal_Town,156,54,50,86,86,2,2,3,3,133678
2021,01,1,14,0,2021-03-01,02:08:49pm,0.0,0.0,87,2.02,2.85,Faisal_Town,156,53,49,86,86,2,2,2,3,133688
2021,01,1,14,0,2021-03-01,02:18:54pm,0.0,0.0,87,1.97,2.8,Faisal_Town,156,52,49,86,86,2,2,2,3,133698
2021,01,1,14,0,2021-03-01,02:49:47pm,0.0,0.0,44,4.78,4.89,Faisal_Town,152,62,52,79,86,2,2,3,3,133729
2021,01,1,14,0,2021-03-01,02:59:53pm,0.0,0.0,44,4.17,4.48,Faisal_Town,144,69,54,72,86,2,2,3,3,133739
2021,01,1,15,0,2021-03-01,03:09:58pm,0.0,0.0,44,3.81,4.24,Faisal_Town,133,78,57,65,86,3,2,3,3,133749
2021,01,1,15,0,2021-03-01,03:20:03pm,0.0,0.0,44,5.27,5.19,Faisal_Town,121,91,61,58,86,3,2,4,3,133760
2021,01,1,15,0,2021-03-01,03:30:09pm,0.0,0.0,44,6.95,6.18,Faisal_Town,109,105,68,51,86,4,2,4,2,133770
2021,01,1,15,0,2021-03-01,03:40:14pm,0.0,0.0,44,5.27,5.19,Faisal_Town,96,112,72,44,86,5,2,5,2,133780
2021,01,1,15,0,2021-03-01,03:50:20pm,0.0,0.0,44,5.27,5.19,Faisal_Town,96,113,73,44,79,5,2,5,3,133790
2021,01,1,16,0,2021-03-01,04:00:25pm,0.0,0.0,44,5.02,5.04,Faisal_Town,96,115,74,44,72,5,2,5,3,133800
2021,01,1,16,0,2021-03-01,04:10:31pm,0.0,0.0,44,6.38,5.86,Faisal_Town,96,121,77,44,65,5,3,5,3,133810
2021,01,1,16,0,2021-03-01,04:20:35pm,0.0,0.0,44,7.28,6.36,Faisal_Town,96,125,79,44,58,6,3,5,4,133820
2021,01,1,16,0,2021-03-01,04:30:41pm,0.0,0.0,44,4.88,4.95,Faisal_Town,96,120,76,44,51,5,4,5,4,133830
2021,01,1,16,0,2021-03-01,04:50:47pm,0.0,0.0,44,12.1,8.75,Faisal_Town,96,135,83,44,44,6,5,6,5,133850
2021,01,1,17,0,2021-03-01,05:00:52pm,0.0,0.0,44,9.08,7.31,Faisal_Town,96,143,87,44,44,7,5,6,5,133860
2021,01,1,17,0,2021-03-01,05:21:52pm,0.0,0.0,43,6.72,6.05,Faisal_Town,95,146,89,43,44,7,5,6,5,133881
2021,01,1,17,0,2021-03-01,05:35:29pm,0.0,0.0,43,11.12,8.3,Faisal_Town,95,151,93,43,44,8,5,6,5,133895
2021,01,1,17,0,2021-03-01,05:41:15pm,0.0,0.0,43,8.13,6.82,Faisal_Town,95,152,94,43,44,8,6,7,5,133901
2021,01,1,17,0,2021-03-01,05:51:20pm,0.0,0.0,43,11.6,8.52,Faisal_Town,95,154,101,43,44,9,5,7,5,133911
2021,01,1,18,0,2021-03-01,06:01:25pm,0.0,0.0,43,12.29,8.84,Faisal_Town,95,154,101,43,44,9,6,7,6,133921
2021,01,1,18,0,2021-03-01,06:11:31pm,0.0,0.0,43,10.66,8.09,Faisal_Town,95,155,101,43,44,10,7,7,6,133931
2021,01,1,18,0,2021-03-01,06:21:36pm,0.0,0.0,43,10.66,8.09,Faisal_Town,95,156,101,43,43,10,7,8,6,133941
2021,01,1,19,0,2021-03-01,07:42:54pm,0.0,0.0,81,5.13,5.11,Faisal_Town,106,154,101,49,43,9,8,7,6,134022
2021,01,1,19,0,2021-03-01,07:53:01pm,0.0,0.0,81,3.92,4.31,Faisal_Town,116,153,96,55,43,9,8,7,7,134033
2021,01,1,20,0,2021-03-01,08:43:07pm,0.0,0.0,81,2.63,3.35,Faisal_Town,128,144,86,62,43,7,9,6,7,134083
2021,01,1,21,0,2021-03-01,09:23:12pm,0.0,0.0,81,2.92,3.58,Faisal_Town,138,124,76,68,43,5,9,5,7,134123
2021,01,1,21,0,2021-03-01,09:53:18pm,0.0,0.0,81,1.09,1.93,Faisal_Town,148,104,65,74,43,4,10,4,7,134153
2021,01,1,21,0,2021-03-01,09:57:48pm,0.0,0.0,98,4.86,4.94,Faisal_Town,154,85,59,83,43,3,10,3,8,134157
2021,01,1,22,0,2021-03-01,10:07:53pm,0.0,0.0,98,3.29,3.86,Faisal_Town,156,77,57,86,49,3,9,3,7,134167
2021,01,1,22,0,2021-03-01,10:17:59pm,0.0,0.0,98,4.32,4.59,Faisal_Town,157,78,57,89,55,3,9,3,7,134177
2021,01,1,22,0,2021-03-01,10:28:04pm,0.0,0.0,98,5.99,5.63,Faisal_Town,159,93,62,92,62,3,7,4,6,134188
2021,01,1,22,0,2021-03-01,10:38:09pm,0.0,0.0,98,5.2,5.15,Faisal_Town,160,101,64,95,68,4,5,4,5,134198
2021,01,1,23,0,2021-03-01,11:28:15pm,0.0,0.0,98,2.79,3.48,Faisal_Town,162,104,67,98,74,4,4,4,4,134248
2021,02,2,0,1,2021-03-02,12:20:01am,0.0,0.0,76,4.49,4.69,Faisal_Town,160,104,67,94,83,4,3,4,3,134300
2021,02,2,0,1,2021-03-02,12:30:06am,0.0,0.0,76,5.08,5.08,Faisal_Town,158,107,69,90,86,4,3,4,3,134310
2021,02,2,0,1,2021-03-02,12:40:12am,0.0,0.0,76,4.73,4.86,Faisal_Town,156,108,70,87,89,4,3,4,3,134320
2021,02,2,0,1,2021-03-02,12:50:17am,0.0,0.0,76,5.8,5.52,Faisal_Town,154,108,69,83,92,4,3,4,4,134330
2021,02,2,01,1,2021-03-02,01:00:22am,0.0,0.0,76,7.65,6.56,Faisal_Town,152,113,72,79,95,5,4,5,4,134340
2021,02,2,01,1,2021-03-02,01:10:27am,0.0,0.0,76,10.99,8.24,Faisal_Town,151,130,81,76,98,6,4,5,4,134350
2021,02,2,01,1,2021-03-02,01:20:33am,0.0,0.0,76,9.94,7.74,Faisal_Town,151,142,87,76,94,7,4,6,4,134360
2021,02,2,01,1,2021-03-02,01:30:38am,0.0,0.0,76,9.06,7.3,Faisal_Town,151,150,91,76,90,8,4,6,4,134370
2021,02,2,01,1,2021-03-02,01:40:43am,0.0,0.0,76,7.65,6.56,Faisal_Town,151,151,94,76,87,8,4,6,4,134380
2021,02,2,01,1,2021-03-02,01:50:48am,0.0,0.0,76,8.99,7.26,Faisal_Town,151,153,97,76,83,9,4,7,4,134390
2021,02,2,02,1,2021-03-02,02:00:54am,0.0,0.0,76,10.45,7.98,Faisal_Town,151,154,150,76,79,9,5,7,5,134400
2021,02,2,02,1,2021-03-02,02:10:59am,0.0,0.0,76,5.45,5.31,Faisal_Town,151,152,94,76,76,8,6,7,5,134410
2021,02,2,02,1,2021-03-02,02:21:04am,0.0,0.0,76,4.41,4.64,Faisal_Town,151,145,88,76,76,7,7,6,6,134421
2021,02,2,02,1,2021-03-02,02:31:09am,0.0,0.0,76,3.71,4.17,Faisal_Town,151,134,83,76,76,6,8,5,6,134431
2021,02,2,02,1,2021-03-02,02:41:15am,0.0,0.0,76,3.71,4.17,Faisal_Town,151,126,78,76,76,6,8,5,6,134441
2021,02,2,02,1,2021-03-02,02:51:20am,0.0,0.0,76,3.92,4.31,Faisal_Town,151,115,73,76,76,5,9,5,7,134451
2021,02,2,03,1,2021-03-02,03:01:25am,0.0,0.0,76,3.88,4.29,Faisal_Town,151,102,66,76,76,4,9,4,7,134461
2021,02,2,03,1,2021-03-02,03:11:30am,0.0,0.0,77,3.81,4.24,Faisal_Town,151,97,64,76,76,3,8,4,7,134471
2021,02,2,03,1,2021-03-02,03:21:36am,0.0,0.0,77,4.82,4.91,Faisal_Town,151,99,64,76,76,3,7,4,6,134481
2021,02,2,03,1,2021-03-02,03:31:41am,0.0,0.0,77,3.61,4.1,Faisal_Town,151,98,64,76,76,3,6,4,5,134491
2021,02,2,03,1,2021-03-02,03:41:46am,0.0,0.0,77,3.61,4.1,Faisal_Town,151,98,64,76,76,3,6,4,5,134501
2021,02,2,03,1,2021-03-02,03:51:51am,0.0,0.0,77,4.49,4.69,Faisal_Town,151,141,65,76,76,4,5,4,5,134511
2021,02,2,04,1,2021-03-02,04:01:57am,0.0,0.0,77,4.49,4.69,Faisal_Town,151,101,66,77,76,4,4,4,4,134521
2021,02,2,04,1,2021-03-02,04:12:02am,0.0,0.0,77,4.53,4.72,Faisal_Town,151,102,66,77,76,4,3,4,4,134532
2021,02,2,04,1,2021-03-02,04:22:07am,0.0,0.0,77,3.42,3.96,Faisal_Town,151,141,65,77,76,4,3,4,4,134542
2021,02,2,04,1,2021-03-02,04:32:13am,0.0,0.0,77,3.55,4.05,Faisal_Town,151,141,65,77,76,4,3,4,4,134552
2021,02,2,04,1,2021-03-02,04:42:26am,0.0,0.0,130,3.91,4.3,Faisal_Town,155,141,65,85,76,4,3,4,4,134562
2021,02,2,04,1,2021-03-02,04:52:31am,0.0,0.0,130,4.45,4.67,Faisal_Town,160,141,65,94,76,4,4,4,4,134572
2021,02,2,05,1,2021-03-02,05:02:36am,0.0,0.0,130,5.28,5.2,Faisal_Town,164,102,66,103,77,4,4,4,4,134582
2021,02,2,05,1,2021-03-02,05:12:42am,0.0,0.0,130,5.57,5.38,Faisal_Town,169,104,67,112,77,4,4,4,4,134592
2021,02,2,05,1,2021-03-02,05:22:47am,0.0,0.0,130,3.91,4.3,Faisal_Town,173,105,68,121,77,4,4,4,4,134602
2021,02,2,05,1,2021-03-02,05:32:52am,0.0,0.0,130,3.46,3.99,Faisal_Town,178,105,68,130,77,4,4,4,4,134612
2021,02,2,05,1,2021-03-02,05:42:58am,0.0,0.0,130,3.6,4.09,Faisal_Town,178,104,67,130,85,4,4,4,4,134622
2021,02,2,05,1,2021-03-02,05:53:03am,0.0,0.0,130,4.29,4.56,Faisal_Town,178,104,67,130,94,4,4,4,4,134633
2021,02,2,06,1,2021-03-02,06:03:08am,0.0,0.0,130,3.77,4.21,Faisal_Town,178,101,65,130,103,4,4,4,4,134643
2021,02,2,06,1,2021-03-02,06:13:13am,0.0,0.0,130,3.91,4.3,Faisal_Town,178,95,63,130,112,3,4,4,4,134653
2021,02,2,06,1,2021-03-02,06:23:19am,0.0,0.0,130,4.53,4.72,Faisal_Town,178,98,64,130,121,3,4,4,4,134663
2021,02,2,06,1,2021-03-02,06:33:24am,0.0,0.0,130,4.4,4.64,Faisal_Town,178,142,65,130,130,4,4,4,4,134673
2021,02,2,06,1,2021-03-02,06:43:29am,0.0,0.0,130,3.87,4.28,Faisal_Town,178,101,66,130,130,4,4,4,4,134683
2021,02,2,06,1,2021-03-02,06:53:34am,0.0,0.0,130,3.87,4.28,Faisal_Town,178,141,65,130,130,4,4,4,4,134693
2021,02,2,07,1,2021-03-02,07:03:40am,0.0,0.0,130,4.49,4.69,Faisal_Town,178,101,66,130,130,4,4,4,4,134703
2021,02,2,07,1,2021-03-02,07:13:45am,0.0,0.0,130,5.23,5.17,Faisal_Town,178,104,68,130,130,4,3,4,4,134713
2021,02,2,07,1,2021-03-02,07:23:50am,0.0,0.0,130,5.52,5.35,Faisal_Town,178,106,69,130,130,4,3,4,4,134723
2021,02,2,07,1,2021-03-02,07:33:55am,0.0,0.0,129,4.91,4.97,Faisal_Town,177,107,69,129,130,4,4,4,4,134733
2021,02,2,07,1,2021-03-02,07:44:01am,0.0,0.0,129,4.53,4.72,Faisal_Town,177,109,70,129,130,4,4,4,4,134744
2021,02,2,07,1,2021-03-02,07:54:06am,0.0,0.0,129,5.28,5.2,Faisal_Town,177,112,72,129,130,4,4,5,4,134754
2021,02,2,08,1,2021-03-02,08:04:11am,0.0,0.0,129,5.42,5.29,Faisal_Town,177,114,73,129,130,5,4,5,4,134764
2021,02,2,08,1,2021-03-02,08:14:16am,0.0,0.0,129,3.56,4.06,Faisal_Town,177,110,71,129,130,4,4,4,4,134774
2021,02,2,08,1,2021-03-02,08:24:22am,0.0,0.0,129,4.09,4.43,Faisal_Town,177,107,69,129,130,4,4,4,4,134784
2021,02,2,08,1,2021-03-02,08:34:27am,0.0,0.0,129,5.42,5.29,Faisal_Town,177,108,70,129,129,4,4,4,4,134794
2021,02,2,08,1,2021-03-02,08:44:32am,0.0,0.0,129,5.52,5.35,Faisal_Town,177,110,71,129,129,4,4,4,4,134804
2021,02,2,08,1,2021-03-02,08:54:37am,0.0,0.0,129,8.69,7.11,Faisal_Town,177,117,74,129,129,5,4,5,5,134814
2021,02,2,09,1,2021-03-02,09:04:51am,0.0,0.0,82,3.93,4.32,Faisal_Town,173,114,73,121,129,5,5,5,5,134824
2021,02,2,09,1,2021-03-02,09:14:56am,0.0,0.0,82,4.83,4.91,Faisal_Town,169,117,74,113,129,5,4,5,4,134834
2021,02,2,09,1,2021-03-02,09:25:01am,0.0,0.0,82,4.83,4.91,Faisal_Town,165,119,75,105,129,5,4,5,4,134845
2021,02,2,09,1,2021-03-02,09:35:08am,0.0,0.0,82,3.05,3.68,Faisal_Town,161,114,72,97,129,5,4,5,4,134855
2021,02,2,09,1,2021-03-02,09:45:13am,0.0,0.0,82,4.47,4.68,Faisal_Town,157,111,71,89,129,4,4,4,4,134865
2021,02,2,09,1,2021-03-02,09:55:18am,0.0,0.0,82,3.86,4.27,Faisal_Town,154,101,66,82,129,4,5,4,5,134875
2021,02,2,10,1,2021-03-02,10:05:24am,0.0,0.0,82,3.33,3.89,Faisal_Town,154,141,65,82,121,4,5,4,5,134885
2021,02,2,10,1,2021-03-02,10:15:29am,0.0,0.0,82,4.14,4.46,Faisal_Town,154,98,64,82,113,3,5,4,5,134895
2021,02,2,10,1,2021-03-02,10:25:34am,0.0,0.0,82,5.57,5.38,Faisal_Town,154,141,65,82,105,4,5,4,5,134905
2021,02,2,10,1,2021-03-02,10:35:39am,0.0,0.0,82,3.33,3.89,Faisal_Town,154,101,65,82,97,4,5,4,5,134915
2021,02,2,10,1,2021-03-02,10:45:45am,0.0,0.0,82,5.25,5.18,Faisal_Town,154,102,66,82,89,4,4,4,4,134925
2021,02,2,10,1,2021-03-02,10:55:50am,0.0,0.0,82,3.54,4.05,Faisal_Town,154,102,66,82,82,4,4,4,4,134935
2021,02,2,11,1,2021-03-02,11:36:13am,0.0,0.0,39,5.03,5.04,Faisal_Town,148,105,68,74,82,4,4,4,4,134976
2021,02,2,11,1,2021-03-02,11:46:19am,0.0,0.0,39,5.57,5.38,Faisal_Town,136,108,70,67,82,4,3,4,4,134986
2021,02,2,11,1,2021-03-02,11:56:25am,0.0,0.0,39,4.08,4.42,Faisal_Town,124,105,68,60,82,4,4,4,4,134996
2021,02,2,12,0,2021-03-02,12:06:29pm,0.0,0.0,39,3.23,3.82,Faisal_Town,112,105,68,53,82,4,4,4,4,135006
2021,02,2,12,0,2021-03-02,12:16:35pm,0.0,0.0,39,3.64,4.11,Faisal_Town,101,102,66,46,82,4,4,4,4,135016
2021,02,2,12,0,2021-03-02,12:26:40pm,0.0,0.0,39,3.14,3.75,Faisal_Town,88,101,65,39,82,4,4,4,4,135026
2021,02,2,13,0,2021-03-02,01:01:38pm,0.0,0.0,32,48.67,20.98,Faisal_Town,85,158,95,37,74,11,4,7,4,135061
2021,02,2,13,0,2021-03-02,01:11:44pm,0.0,0.0,32,23.55,13.3,Faisal_Town,83,165,102,36,67,14,4,8,4,135071
2021,02,2,14,0,2021-03-02,02:21:50pm,0.0,0.0,32,27.25,14.58,Faisal_Town,81,173,105,35,60,18,4,10,4,135141
2021,02,2,14,0,2021-03-02,02:41:55pm,0.0,0.0,32,31.76,16.05,Faisal_Town,80,184,108,34,53,23,4,12,4,135161
2021,02,2,15,0,2021-03-02,03:08:02pm,0.0,0.0,32,26.22,14.23,Faisal_Town,78,192,111,33,46,26,4,13,4,135188
2021,02,2,16,0,2021-03-02,04:15:10pm,0.0,0.0,28,5.68,5.44,Faisal_Town,75,193,111,31,39,27,4,14,4,135255
2021,02,2,16,0,2021-03-02,04:25:15pm,0.0,0.0,28,6.81,6.1,Faisal_Town,73,178,107,30,37,20,11,11,7,135265
2021,02,2,16,0,2021-03-02,04:35:20pm,0.0,0.0,28,6.4,5.86,Faisal_Town,73,171,105,30,36,17,14,10,8,135275
2021,02,2,16,0,2021-03-02,04:45:26pm,0.0,0.0,28,3.99,4.36,Faisal_Town,71,163,102,29,35,13,18,8,10,135285
2021,02,2,16,0,2021-03-02,04:55:31pm,0.0,0.0,28,5.43,5.29,Faisal_Town,69,153,93,28,34,9,23,6,12,135295
2021,02,2,17,0,2021-03-02,05:05:36pm,0.0,0.0,28,5.43,5.29,Faisal_Town,69,120,76,28,33,5,26,5,13,135305
2021,02,2,17,0,2021-03-02,05:15:41pm,0.0,0.0,28,5.53,5.35,Faisal_Town,69,119,76,28,31,5,27,5,14,135315
2021,02,2,17,0,2021-03-02,05:25:47pm,0.0,0.0,28,9.46,7.5,Faisal_Town,69,125,78,28,30,6,20,5,11,135325
2021,02,2,17,0,2021-03-02,05:35:52pm,0.0,0.0,28,6.63,6.0,Faisal_Town,69,125,79,28,30,6,17,5,10,135335
2021,02,2,17,0,2021-03-02,05:45:57pm,0.0,0.0,28,8.36,6.94,Faisal_Town,69,135,83,28,29,6,13,6,8,135345
2021,02,2,17,0,2021-03-02,05:56:02pm,0.0,0.0,28,12.57,8.97,Faisal_Town,69,149,90,28,28,7,9,6,6,135356
2021,02,2,18,0,2021-03-02,06:06:08pm,0.0,0.0,28,27.4,14.63,Faisal_Town,69,158,102,28,28,11,5,8,5,135366
2021,02,2,18,0,2021-03-02,06:16:13pm,0.0,0.0,28,24.66,13.69,Faisal_Town,69,166,104,28,28,14,5,9,5,135376
2021,02,2,18,0,2021-03-02,06:26:18pm,0.0,0.0,28,24.26,13.55,Faisal_Town,69,171,106,28,28,17,6,10,5,135386
2021,02,2,18,0,2021-03-02,06:36:24pm,0.0,0.0,28,30.19,15.54,Faisal_Town,69,180,108,28,28,21,6,12,5,135396
2021,02,2,18,0,2021-03-02,06:46:29pm,0.0,0.0,28,25.07,13.83,Faisal_Town,69,186,110,28,28,24,6,13,6,135406
2021,02,2,18,0,2021-03-02,06:56:34pm,0.0,0.0,28,26.32,14.26,Faisal_Town,69,191,111,28,28,26,7,14,6,135416
2021,02,2,19,0,2021-03-02,07:06:39pm,0.0,0.0,31,24.66,13.69,Faisal_Town,69,190,111,28,28,25,11,14,8,135426
2021,02,2,19,0,2021-03-02,07:16:45pm,0.0,0.0,31,23.1,13.14,Faisal_Town,71,190,111,29,28,25,14,14,9,135436
2021,02,2,19,0,2021-03-02,07:26:50pm,0.0,0.0,31,24.46,13.62,Faisal_Town,71,190,111,29,28,25,17,14,10,135446
2021,02,2,19,0,2021-03-02,07:36:55pm,0.0,0.0,31,31.94,16.1,Faisal_Town,73,190,111,30,28,25,21,14,12,135456
2021,02,2,19,0,2021-03-02,07:44:39pm,0.0,0.0,59,6.35,5.84,Faisal_Town,81,183,109,35,28,22,24,12,13,135464
2021,02,2,19,0,2021-03-02,07:54:44pm,0.0,0.0,59,4.65,4.8,Faisal_Town,90,175,106,40,28,19,26,11,14,135474
2021,02,2,20,0,2021-03-02,08:04:50pm,0.0,0.0,59,4.12,4.45,Faisal_Town,98,168,104,45,28,15,25,9,14,135484
2021,02,2,20,0,2021-03-02,08:14:55pm,0.0,0.0,59,6.5,5.93,Faisal_Town,106,161,102,49,29,13,25,8,14,135494
2021,02,2,20,0,2021-03-02,08:25:00pm,0.0,0.0,59,4.77,4.87,Faisal_Town,114,154,94,54,29,9,25,6,14,135505
2021,02,2,20,0,2021-03-02,08:35:06pm,0.0,0.0,59,7.38,6.42,Faisal_Town,122,120,76,59,30,5,25,5,14,135515
2021,02,2,21,0,2021-03-02,09:23:36pm,0.0,0.0,63,6.66,6.02,Faisal_Town,122,120,76,59,35,5,22,5,12,135563
2021,02,2,21,0,2021-03-02,09:33:41pm,0.0,0.0,63,11.48,8.47,Faisal_Town,124,135,83,60,40,6,19,6,11,135573
2021,02,2,21,0,2021-03-02,09:43:46pm,0.0,0.0,63,12.06,8.74,Faisal_Town,126,151,91,61,45,8,15,6,9,135583
2021,02,2,21,0,2021-03-02,09:53:51pm,0.0,0.0,63,13.77,9.49,Faisal_Town,126,153,98,61,49,9,13,7,8,135593
2021,02,2,22,0,2021-03-02,10:03:57pm,0.0,0.0,63,12.47,8.92,Faisal_Town,128,156,101,62,54,10,9,8,6,135603
2021,02,2,22,0,2021-03-02,10:14:10pm,0.0,0.0,82,3.9,4.3,Faisal_Town,134,155,101,66,59,10,5,7,5,135614
2021,02,2,22,0,2021-03-02,10:24:16pm,0.0,0.0,82,5.97,5.62,Faisal_Town,139,155,101,69,59,9,5,7,5,135624
2021,02,2,22,0,2021-03-02,10:34:21pm,0.0,0.0,82,4.69,4.83,Faisal_Town,144,152,94,72,60,8,6,6,6,135634
2021,02,2,22,0,2021-03-02,10:44:26pm,0.0,0.0,82,3.7,4.16,Faisal_Town,149,142,85,75,61,7,8,6,6,135644
2021,02,2,22,0,2021-03-02,10:54:32pm,0.0,0.0,82,7.07,6.25,Faisal_Town,152,128,79,78,61,6,9,5,7,135654
2021,02,2,23,0,2021-03-02,11:04:37pm,0.0,0.0,82,7.25,6.35,Faisal_Town,154,117,74,82,62,5,10,5,8,135664
2021,03,3,0,1,2021-03-03,12:05:39am,0.0,0.0,95,4.34,4.59,Faisal_Town,155,118,75,84,66,5,10,5,7,135725
2021,03,3,0,1,2021-03-03,12:15:45am,0.0,0.0,95,3.95,4.33,Faisal_Town,156,114,73,86,69,5,9,5,7,135735
2021,03,3,0,1,2021-03-03,12:48:56am,0.0,0.0,95,3.95,4.33,Faisal_Town,157,112,72,88,72,5,8,5,6,135768
2021,03,3,0,1,2021-03-03,12:48:56am,0.0,0.0,95,5.36,5.25,Faisal_Town,158,116,74,90,75,5,7,5,6,135768
2021,03,3,01,1,2021-03-03,01:16:17am,0.0,0.0,95,5.54,5.36,Faisal_Town,159,113,72,92,78,5,6,5,5,135796
2021,03,3,01,1,2021-03-03,01:29:51am,0.0,0.0,95,5.92,5.59,Faisal_Town,160,110,71,95,82,4,5,4,5,135809
2021,03,3,01,1,2021-03-03,01:36:35am,0.0,0.0,95,5.27,5.19,Faisal_Town,160,112,72,95,84,4,5,5,5,135816
2021,03,3,01,1,2021-03-03,01:46:50am,0.0,0.0,95,4.76,4.87,Faisal_Town,160,113,73,95,86,5,5,5,5,135826
2021,03,3,01,1,2021-03-03,01:56:29am,0.0,0.0,95,4.6,4.77,Faisal_Town,160,115,74,95,88,5,5,5,5,135836
2021,03,3,02,1,2021-03-03,02:06:37am,0.0,0.0,95,4.8,4.9,Faisal_Town,160,114,73,95,90,5,5,5,5,135846
2021,03,3,02,1,2021-03-03,02:17:00am,0.0,0.0,95,4.08,4.42,Faisal_Town,160,111,71,95,92,4,5,4,5,135857
2021,03,3,02,1,2021-03-03,02:27:52am,0.0,0.0,95,5.63,5.42,Faisal_Town,160,110,71,95,95,4,4,4,4,135867
2021,03,3,02,1,2021-03-03,02:36:51am,0.0,0.0,95,5.36,5.25,Faisal_Town,160,110,71,95,95,4,4,4,5,135876
2021,03,3,03,1,2021-03-03,03:17:20am,0.0,0.0,94,4.68,4.82,Faisal_Town,160,110,71,94,95,4,5,4,5,135917
2021,03,3,03,1,2021-03-03,03:17:44am,0.0,0.0,94,4.72,4.85,Faisal_Town,160,110,71,94,95,4,5,4,5,135917
2021,03,3,03,1,2021-03-03,03:50:16am,0.0,0.0,94,3.78,4.21,Faisal_Town,160,108,70,94,95,4,5,4,5,135950
2021,03,3,04,1,2021-03-03,04:09:02am,0.0,0.0,94,3.95,4.33,Faisal_Town,160,108,70,94,95,4,4,4,4,135969
2021,03,3,05,1,2021-03-03,05:04:25am,0.0,0.0,150,4.52,4.72,Faisal_Town,164,106,68,103,95,4,4,4,4,136024
2021,03,3,05,1,2021-03-03,05:30:46am,0.0,0.0,150,2.82,3.51,Faisal_Town,169,142,65,112,95,4,4,4,4,136050
2021,03,3,05,1,2021-03-03,05:53:18am,0.0,0.0,150,3.08,3.71,Faisal_Town,174,95,63,122,94,3,4,4,4,136073
2021,03,3,06,1,2021-03-03,06:19:52am,0.0,0.0,150,2.19,2.99,Faisal_Town,178,84,60,131,94,3,4,3,4,136099
2021,03,3,06,1,2021-03-03,06:39:31am,0.0,0.0,150,3.17,3.77,Faisal_Town,183,81,59,140,94,3,4,3,4,136119
2021,03,3,07,1,2021-03-03,07:08:28am,0.0,0.0,150,4.15,4.47,Faisal_Town,187,82,59,150,94,3,4,3,4,136148
2021,03,3,07,1,2021-03-03,07:08:28am,0.0,0.0,150,3.0,3.65,Faisal_Town,187,75,57,150,103,3,4,3,4,136148
2021,03,3,07,1,2021-03-03,07:10:25am,0.0,0.0,150,4.37,4.62,Faisal_Town,187,82,59,150,112,3,4,3,4,136150
2021,03,3,07,1,2021-03-03,07:29:35am,0.0,0.0,149,5.5,5.33,Faisal_Town,187,93,62,149,122,3,3,4,4,136169
2021,03,3,08,1,2021-03-03,08:03:38am,0.0,0.0,149,3.08,3.71,Faisal_Town,187,96,63,149,131,3,3,4,3,136203
2021,03,3,08,1,2021-03-03,08:09:52am,0.0,0.0,149,11.16,8.32,Faisal_Town,187,114,72,149,140,5,3,5,3,136209
2021,03,3,08,1,2021-03-03,08:43:56am,0.0,0.0,149,8.61,7.07,Faisal_Town,187,124,77,149,150,5,3,5,3,136243
2021,03,3,08,1,2021-03-03,08:58:02am,0.0,0.0,315,3.89,4.29,Faisal_Town,202,126,78,176,150,6,3,5,3,136258
2021,03,3,09,1,2021-03-03,09:18:28am,0.0,0.0,315,3.57,4.07,Faisal_Town,226,124,77,204,150,5,3,5,3,136278
2021,03,3,10,1,2021-03-03,10:03:47am,0.0,0.0,315,1.96,2.79,Faisal_Town,249,117,72,232,149,5,3,5,4,136323
2021,03,3,10,1,2021-03-03,10:23:00am,0.0,0.0,315,3.23,3.82,Faisal_Town,272,117,72,259,149,5,3,5,4,136343
2021,03,3,11,1,2021-03-03,11:31:16am,0.0,0.0,315,3.95,4.33,Faisal_Town,296,102,65,287,149,4,5,4,5,136411
2021,03,3,12,0,2021-03-03,12:13:07pm,0.0,0.0,93,5.5,5.33,Faisal_Town,288,91,62,278,149,3,5,4,5,136453
2021,03,3,12,0,2021-03-03,12:39:31pm,0.0,0.0,93,2.03,2.85,Faisal_Town,257,83,59,241,176,3,6,3,5,136479
2021,03,3,12,0,2021-03-03,12:39:31pm,0.0,0.0,93,4.21,4.51,Faisal_Town,226,86,60,204,204,3,5,3,5,136479
2021,03,3,12,0,2021-03-03,12:56:30pm,0.0,0.0,93,2.04,2.87,Faisal_Town,196,86,60,167,232,3,5,3,5,136496
2021,03,3,13,0,2021-03-03,01:17:19pm,0.0,0.0,93,5.23,5.17,Faisal_Town,178,95,62,130,259,3,5,4,5,136517
2021,03,3,15,0,2021-03-03,03:01:58pm,0.0,0.0,51,4.64,4.79,Faisal_Town,156,98,63,86,287,3,4,4,4,136621
2021,03,3,15,0,2021-03-03,03:12:02pm,0.0,0.0,51,4.88,4.95,Faisal_Town,152,95,63,79,278,3,3,4,4,136632
2021,03,3,15,0,2021-03-03,03:22:08pm,0.0,0.0,51,3.17,3.77,Faisal_Town,144,100,64,72,241,4,3,4,3,136642
2021,03,3,15,0,2021-03-03,03:32:13pm,0.0,0.0,51,7.23,6.34,Faisal_Town,133,106,68,65,204,4,3,4,3,136652
2021,03,3,15,0,2021-03-03,03:42:18pm,0.0,0.0,51,6.19,5.75,Faisal_Town,121,115,73,58,167,5,3,5,3,136662
2021,03,3,16,0,2021-03-03,04:02:24pm,0.0,0.0,51,4.34,4.6,Faisal_Town,109,113,72,51,130,5,3,5,4,136682
2021,03,3,16,0,2021-03-03,04:12:29pm,0.0,0.0,51,5.04,5.05,Faisal_Town,109,114,73,51,86,5,3,5,4,136692
2021,03,3,16,0,2021-03-03,04:22:34pm,0.0,0.0,51,6.56,5.96,Faisal_Town,109,117,74,51,79,5,3,5,4,136702
2021,03,3,16,0,2021-03-03,04:32:39pm,0.0,0.0,51,9.06,7.3,Faisal_Town,109,129,81,51,72,6,4,5,4,136712
2021,03,3,16,0,2021-03-03,04:42:45pm,0.0,0.0,51,7.23,6.34,Faisal_Town,109,129,81,51,65,6,4,5,4,136722
2021,03,3,16,0,2021-03-03,04:52:50pm,0.0,0.0,51,9.9,7.72,Faisal_Town,109,137,85,51,58,7,5,6,5,136732
2021,03,3,17,0,2021-03-03,05:02:55pm,0.0,0.0,51,7.97,6.73,Faisal_Town,109,145,89,51,51,7,5,6,5,136742
2021,03,3,17,0,2021-03-03,05:13:01pm,0.0,0.0,51,7.17,6.3,Faisal_Town,109,149,91,51,51,7,5,6,5,136753
2021,03,3,17,0,2021-03-03,05:23:06pm,0.0,0.0,51,13.7,9.46,Faisal_Town,109,153,97,51,51,9,5,7,5,136763
2021,03,3,19,0,2021-03-03,07:23:21pm,0.0,0.0,58,3.92,4.31,Faisal_Town,111,151,92,52,51,8,6,6,5,136883
2021,03,3,19,0,2021-03-03,07:33:27pm,0.0,0.0,58,6.38,5.86,Faisal_Town,112,151,91,53,51,8,6,6,5,136893
2021,03,3,19,0,2021-03-03,07:43:32pm,0.0,0.0,58,5.67,5.44,Faisal_Town,114,143,87,54,51,7,7,6,6,136903
2021,03,3,19,0,2021-03-03,07:53:37pm,0.0,0.0,58,5.81,5.52,Faisal_Town,116,138,84,55,51,7,7,6,6,136913
2021,03,3,20,0,2021-03-03,08:03:43pm,0.0,0.0,58,6.48,5.91,Faisal_Town,117,137,84,56,51,6,7,6,6,136923
2021,03,3,20,0,2021-03-03,08:13:48pm,0.0,0.0,58,8.31,6.91,Faisal_Town,121,126,79,58,51,6,9,5,7,136933
2021,03,3,20,0,2021-03-03,08:16:11pm,0.0,0.0,78,4.5,4.7,Faisal_Town,126,127,80,61,52,6,8,5,6,136936
2021,03,3,20,0,2021-03-03,08:26:16pm,0.0,0.0,78,4.23,4.52,Faisal_Town,131,122,77,64,53,5,8,5,6,136946
2021,03,3,20,0,2021-03-03,08:36:21pm,0.0,0.0,78,6.09,5.69,Faisal_Town,138,123,78,68,54,5,7,5,6,136956
2021,03,3,20,0,2021-03-03,08:46:27pm,0.0,0.0,78,8.75,7.14,Faisal_Town,143,129,81,71,55,6,7,5,6,136966
2021,03,3,20,0,2021-03-03,08:56:32pm,0.0,0.0,78,4.79,4.89,Faisal_Town,148,126,79,74,56,6,6,5,6,136976
2021,03,3,21,0,2021-03-03,09:06:37pm,0.0,0.0,78,3.59,4.08,Faisal_Town,152,116,74,78,58,5,6,5,5,136986
2021,03,3,21,0,2021-03-03,09:16:42pm,0.0,0.0,78,4.33,4.59,Faisal_Town,152,116,73,78,61,5,6,5,5,136996
2021,03,3,21,0,2021-03-03,09:26:48pm,0.0,0.0,78,3.11,3.73,Faisal_Town,152,113,72,78,64,5,5,5,5,137006
2021,03,3,21,0,2021-03-03,09:36:53pm,0.0,0.0,78,3.48,4.0,Faisal_Town,152,108,69,78,68,4,5,4,5,137016
2021,03,3,21,0,2021-03-03,09:46:58pm,0.0,0.0,78,3.73,4.18,Faisal_Town,152,95,63,78,71,3,6,4,5,137026
2021,03,3,21,0,2021-03-03,09:57:04pm,0.0,0.0,78,3.76,4.2,Faisal_Town,152,91,62,78,74,3,6,4,5,137037
2021,03,3,22,0,2021-03-03,10:07:09pm,0.0,0.0,78,4.5,4.7,Faisal_Town,152,95,63,78,78,3,5,4,5,137047
2021,03,3,22,0,2021-03-03,10:17:14pm,0.0,0.0,78,3.94,4.33,Faisal_Town,152,93,63,78,78,3,5,4,5,137057
2021,03,3,22,0,2021-03-03,10:27:20pm,0.0,0.0,78,4.64,4.79,Faisal_Town,152,141,65,78,78,4,5,4,5,137067
2021,03,3,22,0,2021-03-03,10:37:25pm,0.0,0.0,78,3.88,4.28,Faisal_Town,152,141,65,78,78,4,4,4,4,137077
2021,03,3,22,0,2021-03-03,10:47:30pm,0.0,0.0,78,3.21,3.81,Faisal_Town,152,99,64,78,78,3,3,4,4,137087
2021,03,3,22,0,2021-03-03,10:57:35pm,0.0,0.0,78,3.59,4.08,Faisal_Town,152,98,64,78,78,3,3,4,4,137097
2021,03,3,23,0,2021-03-03,11:07:41pm,0.0,0.0,77,4.06,4.41,Faisal_Town,151,97,64,77,78,3,3,4,4,137107
2021,03,3,23,0,2021-03-03,11:17:46pm,0.0,0.0,77,4.5,4.7,Faisal_Town,151,99,64,77,78,3,3,4,4,137117
2021,03,3,23,0,2021-03-03,11:27:51pm,0.0,0.0,77,3.37,3.92,Faisal_Town,151,94,63,77,78,3,4,4,4,137127
2021,03,3,23,0,2021-03-03,11:37:57pm,0.0,0.0,77,3.16,3.77,Faisal_Town,151,90,62,77,78,3,4,4,4,137137
2021,03,3,23,0,2021-03-03,11:57:01pm,0.0,0.0,166,4.55,4.73,Faisal_Town,159,96,64,92,78,3,3,4,4,137157
2021,04,4,0,1,2021-03-04,12:07:06am,0.0,0.0,166,2.71,3.42,Faisal_Town,166,92,62,106,78,3,3,4,4,137167
2021,04,4,0,1,2021-03-04,12:17:11am,0.0,0.0,166,3.61,4.09,Faisal_Town,173,90,62,121,77,3,3,4,4,137177
2021,04,4,0,1,2021-03-04,12:27:16am,0.0,0.0,166,3.06,3.69,Faisal_Town,181,84,60,136,77,3,3,3,4,137187
2021,04,4,0,1,2021-03-04,12:37:22am,0.0,0.0,166,2.77,3.47,Faisal_Town,188,82,59,151,77,3,3,3,4,137197
2021,04,4,0,1,2021-03-04,12:47:27am,0.0,0.0,166,2.81,3.5,Faisal_Town,195,80,58,166,77,3,3,3,4,137207
2021,04,4,0,1,2021-03-04,12:57:32am,0.0,0.0,166,3.87,4.28,Faisal_Town,195,77,58,166,92,3,3,3,4,137217
2021,04,4,01,1,2021-03-04,01:07:37am,0.0,0.0,166,3.55,4.05,Faisal_Town,195,81,59,166,106,3,3,3,4,137227
2021,04,4,01,1,2021-03-04,01:17:43am,0.0,0.0,166,3.84,4.25,Faisal_Town,195,82,59,166,121,3,3,3,4,137237
2021,04,4,01,1,2021-03-04,01:27:49am,0.0,0.0,166,3.63,4.11,Faisal_Town,195,84,60,166,136,3,3,3,3,137247
2021,04,4,01,1,2021-03-04,01:37:54am,0.0,0.0,166,3.42,3.96,Faisal_Town,195,87,61,166,151,3,3,4,3,137257
2021,04,4,02,1,2021-03-04,02:08:00am,0.0,0.0,166,2.64,3.37,Faisal_Town,195,86,61,166,166,3,3,4,3,137288
2021,04,4,02,1,2021-03-04,02:48:05am,0.0,0.0,166,1.89,2.72,Faisal_Town,195,78,58,166,166,3,3,3,3,137328
2021,04,4,03,1,2021-03-04,03:08:11am,0.0,0.0,166,1.12,1.96,Faisal_Town,195,67,54,166,166,2,3,3,3,137348
2021,04,4,03,1,2021-03-04,03:28:17am,0.0,0.0,166,0.68,1.44,Faisal_Town,195,54,48,166,166,2,3,2,3,137368
2021,04,4,04,1,2021-03-04,04:24:52am,0.0,0.0,166,0.57,1.28,Faisal_Town,195,43,40,166,166,1,3,2,3,137424
2021,04,4,04,1,2021-03-04,04:37:59am,0.0,0.0,148,4.7,4.83,Faisal_Town,194,48,43,163,166,1,3,2,4,137437
2021,04,4,05,1,2021-03-04,05:07:18am,0.0,0.0,148,3.7,4.16,Faisal_Town,192,51,45,160,166,2,3,2,4,137467
2021,04,4,05,1,2021-03-04,05:24:35am,0.0,0.0,148,2.98,3.63,Faisal_Town,191,55,48,157,166,2,3,2,3,137484
2021,04,4,05,1,2021-03-04,05:29:40am,0.0,0.0,148,3.94,4.33,Faisal_Town,189,68,52,154,166,2,2,3,3,137489
2021,04,4,05,1,2021-03-04,05:39:46am,0.0,0.0,148,3.48,4.0,Faisal_Town,188,80,57,151,166,3,2,3,2,137499
2021,04,4,05,1,2021-03-04,05:53:52am,0.0,0.0,148,3.51,4.02,Faisal_Town,186,92,62,148,166,3,1,4,2,137513
2021,04,4,06,1,2021-03-04,06:02:36am,0.0,0.0,148,2.64,3.37,Faisal_Town,186,83,60,148,163,3,1,3,2,137522
2021,04,4,06,1,2021-03-04,06:10:47am,0.0,0.0,148,3.45,3.98,Faisal_Town,186,82,59,148,160,3,2,3,2,137530
2021,04,4,06,1,2021-03-04,06:31:17am,0.0,0.0,148,3.74,4.18,Faisal_Town,186,86,60,148,157,3,2,3,2,137551
2021,04,4,07,1,2021-03-04,07:10:56am,0.0,0.0,207,26.29,14.25,Faisal_Town,191,139,79,157,154,7,2,5,3,137590
2021,04,4,07,1,2021-03-04,07:38:03am,0.0,0.0,207,35.79,17.3,Faisal_Town,196,161,101,167,151,12,3,7,3,137618
2021,04,4,07,1,2021-03-04,07:54:46am,0.0,0.0,207,41.16,18.89,Faisal_Town,203,175,105,177,148,18,3,10,4,137634
2021,04,4,08,1,2021-03-04,08:19:09am,0.0,0.0,207,35.21,17.12,Faisal_Town,211,187,109,187,148,24,3,12,3,137659
2021,04,4,10,1,2021-03-04,10:45:21am,0.0,0.0,227,23.35,13.23,Faisal_Town,222,194,111,200,148,27,3,14,3,137805
2021,04,4,11,1,2021-03-04,11:05:27am,0.0,0.0,105,3.91,4.3,Faisal_Town,216,194,111,193,148,27,3,14,3,137825
2021,04,4,11,1,2021-03-04,11:15:31am,0.0,0.0,105,2.97,3.62,Faisal_Town,202,185,108,176,157,23,7,12,5,137835
2021,04,4,11,1,2021-03-04,11:25:37am,0.0,0.0,105,3.65,4.12,Faisal_Town,192,173,105,159,167,18,12,10,7,137845
2021,04,4,11,1,2021-03-04,11:35:46am,0.0,0.0,105,4.01,4.37,Faisal_Town,184,160,101,142,177,12,18,7,10,137855
2021,04,4,11,1,2021-03-04,11:45:46am,0.0,0.0,105,3.07,3.7,Faisal_Town,175,135,78,125,187,6,24,5,12,137865
2021,04,4,11,1,2021-03-04,11:56:49am,0.0,0.0,105,4.15,4.47,Faisal_Town,165,90,62,105,200,3,27,4,14,137876
2021,04,4,12,0,2021-03-04,12:06:02pm,0.0,0.0,105,4.86,4.94,Faisal_Town,165,94,63,105,193,3,27,4,14,137886
2021,04,4,12,0,2021-03-04,12:17:16pm,0.0,0.0,105,4.82,4.91,Faisal_Town,165,142,65,105,176,4,23,4,12,137897
2021,04,4,12,0,2021-03-04,12:26:41pm,0.0,0.0,105,4.63,4.78,Faisal_Town,165,102,66,105,159,4,18,4,10,137906
2021,04,4,12,0,2021-03-04,12:36:18pm,0.0,0.0,105,4.95,4.99,Faisal_Town,165,104,68,105,142,4,12,4,7,137916
2021,04,4,13,0,2021-03-04,01:06:36pm,0.0,0.0,105,4.4,4.64,Faisal_Town,165,107,69,105,125,4,6,4,5,137946
2021,04,4,13,0,2021-03-04,01:26:33pm,0.0,0.0,105,4.08,4.42,Faisal_Town,165,107,69,105,105,4,3,4,4,137966
2021,04,4,13,0,2021-03-04,01:56:38pm,0.0,0.0,105,2.86,3.54,Faisal_Town,165,103,67,105,105,4,3,4,4,137996
2021,04,4,14,0,2021-03-04,02:06:43pm,0.0,0.0,105,3.47,3.99,Faisal_Town,165,141,65,105,105,4,4,4,4,138006
2021,04,4,14,0,2021-03-04,02:16:48pm,0.0,0.0,105,3.32,3.88,Faisal_Town,165,96,63,105,105,3,4,4,4,138016
2021,04,4,14,0,2021-03-04,02:26:53pm,0.0,0.0,105,3.59,4.08,Faisal_Town,165,90,62,105,105,3,4,4,4,138026
2021,04,4,14,0,2021-03-04,02:36:59pm,0.0,0.0,105,4.95,4.99,Faisal_Town,165,92,62,105,105,3,4,4,4,138036
2021,04,4,15,0,2021-03-04,03:27:13pm,0.0,0.0,79,3.87,4.28,Faisal_Town,163,91,62,100,105,3,4,4,4,138087
2021,04,4,15,0,2021-03-04,03:37:18pm,0.0,0.0,79,2.97,3.63,Faisal_Town,161,92,62,96,105,3,4,4,4,138097
2021,04,4,16,0,2021-03-04,04:37:27pm,0.0,0.0,79,3.65,4.12,Faisal_Town,159,92,62,92,105,3,4,4,4,138157
2021,04,4,17,0,2021-03-04,05:37:34pm,0.0,0.0,79,5.34,5.24,Faisal_Town,156,141,65,87,105,4,3,4,4,138217
2021,04,4,17,0,2021-03-04,05:47:39pm,0.0,0.0,79,5.39,5.27,Faisal_Town,154,104,67,83,105,4,3,4,4,138227
2021,04,4,18,0,2021-03-04,06:27:45pm,0.0,0.0,79,8.61,7.07,Faisal_Town,152,111,71,79,105,4,3,4,4,138267
2021,04,4,18,0,2021-03-04,06:47:50pm,0.0,0.0,79,14.4,9.76,Faisal_Town,152,134,81,79,100,6,3,5,4,138287
2021,04,4,19,0,2021-03-04,07:45:45pm,0.0,0.0,123,4.47,4.68,Faisal_Town,156,137,83,86,96,6,3,6,4,138345
2021,04,4,19,0,2021-03-04,07:55:51pm,0.0,0.0,123,4.07,4.42,Faisal_Town,159,138,84,93,92,7,3,6,4,138355
2021,04,4,20,0,2021-03-04,08:05:56pm,0.0,0.0,123,4.23,4.53,Faisal_Town,163,135,82,101,87,6,4,5,4,138365
2021,04,4,20,0,2021-03-04,08:16:01pm,0.0,0.0,123,3.44,3.97,Faisal_Town,167,131,80,108,83,6,4,5,4,138376
2021,04,4,20,0,2021-03-04,08:46:07pm,0.0,0.0,123,2.43,3.19,Faisal_Town,170,118,73,115,79,5,4,5,4,138406
2021,04,4,21,0,2021-03-04,09:06:12pm,0.0,0.0,123,3.63,4.11,Faisal_Town,174,92,62,123,79,3,6,4,5,138426
2021,04,4,21,0,2021-03-04,09:56:19pm,0.0,0.0,123,3.28,3.86,Faisal_Town,174,87,61,123,86,3,6,4,6,138476
2021,04,4,22,0,2021-03-04,10:51:43pm,0.0,0.0,229,3.94,4.32,Faisal_Town,183,86,60,140,93,3,7,3,6,138531
2021,04,4,23,0,2021-03-04,11:01:49pm,0.0,0.0,229,6.71,6.04,Faisal_Town,191,97,63,158,101,3,6,4,5,138541
2021,04,4,23,0,2021-03-04,11:39:44pm,0.0,0.0,248,6.67,6.02,Faisal_Town,204,105,67,179,108,4,6,4,5,138579
2021,04,4,23,0,2021-03-04,11:49:49pm,0.0,0.0,248,4.07,4.42,Faisal_Town,222,108,69,200,115,4,5,4,5,138589
2021,04,4,23,0,2021-03-04,11:59:54pm,0.0,0.0,248,3.92,4.31,Faisal_Town,239,109,70,220,123,4,3,4,4,138599
2021,05,5,0,1,2021-03-05,12:10:00am,0.0,0.0,248,4.47,4.68,Faisal_Town,257,111,71,241,123,4,3,4,4,138610
2021,05,5,0,1,2021-03-05,12:20:05am,0.0,0.0,248,3.95,4.33,Faisal_Town,259,111,71,244,140,4,3,4,3,138620
2021,05,5,0,1,2021-03-05,12:30:10am,0.0,0.0,248,4.61,4.77,Faisal_Town,263,107,69,248,158,4,3,4,4,138630
2021,05,5,0,1,2021-03-05,12:40:16am,0.0,0.0,248,4.4,4.63,Faisal_Town,263,102,66,248,179,4,4,4,4,138640
2021,05,5,0,1,2021-03-05,12:50:21am,0.0,0.0,248,4.71,4.84,Faisal_Town,263,104,67,248,200,4,4,4,4,138650
2021,05,5,01,1,2021-03-05,01:00:26am,0.0,0.0,248,5.41,5.28,Faisal_Town,263,107,69,248,220,4,4,4,4,138660
2021,05,5,01,1,2021-03-05,01:10:31am,0.0,0.0,248,4.23,4.52,Faisal_Town,263,106,69,248,241,4,4,4,4,138670
2021,05,5,01,1,2021-03-05,01:20:37am,0.0,0.0,248,4.1,4.44,Faisal_Town,263,106,69,248,244,4,4,4,4,138680
2021,05,5,01,1,2021-03-05,01:30:42am,0.0,0.0,248,4.2,4.5,Faisal_Town,263,106,68,248,248,4,4,4,4,138690
2021,05,5,01,1,2021-03-05,01:40:47am,0.0,0.0,248,4.33,4.59,Faisal_Town,263,105,68,248,248,4,4,4,4,138700
2021,05,5,01,1,2021-03-05,01:50:52am,0.0,0.0,248,7.9,6.69,Faisal_Town,263,112,72,248,248,5,4,5,4,138710
2021,05,5,02,1,2021-03-05,02:00:58am,0.0,0.0,248,6.93,6.17,Faisal_Town,263,115,73,248,248,5,4,5,4,138720
2021,05,5,02,1,2021-03-05,02:11:03am,0.0,0.0,248,6.87,6.14,Faisal_Town,263,121,76,248,248,5,4,5,4,138731
2021,05,5,02,1,2021-03-05,02:21:08am,0.0,0.0,248,5.21,5.16,Faisal_Town,263,123,78,248,248,5,4,5,4,138741
2021,05,5,02,1,2021-03-05,02:31:13am,0.0,0.0,251,4.61,4.77,Faisal_Town,263,124,78,248,248,5,4,5,4,138751
2021,05,5,02,1,2021-03-05,02:41:19am,0.0,0.0,251,4.3,4.57,Faisal_Town,264,124,78,249,248,5,4,5,4,138761
2021,05,5,02,1,2021-03-05,02:51:24am,0.0,0.0,251,3.06,3.69,Faisal_Town,264,114,73,249,248,5,5,5,5,138771
2021,05,5,03,1,2021-03-05,03:01:29am,0.0,0.0,251,2.68,3.39,Faisal_Town,265,105,67,250,248,4,5,4,5,138781
2021,05,5,03,1,2021-03-05,03:11:34am,0.0,0.0,251,2.85,3.53,Faisal_Town,265,94,63,250,248,3,5,4,5,138791
2021,05,5,03,1,2021-03-05,03:21:40am,0.0,0.0,251,2.48,3.23,Faisal_Town,265,82,59,251,248,3,5,3,5,138801
2021,05,5,03,1,2021-03-05,03:31:45am,0.0,0.0,251,1.52,2.38,Faisal_Town,265,69,55,251,248,2,5,3,5,138811
2021,05,5,03,1,2021-03-05,03:41:50am,0.0,0.0,251,1.54,2.4,Faisal_Town,265,57,51,251,249,2,5,3,5,138821
2021,05,5,03,1,2021-03-05,03:51:56am,0.0,0.0,251,1.42,2.28,Faisal_Town,265,161,47,251,249,2,5,2,5,138831
2021,05,5,04,1,2021-03-05,04:02:09am,0.0,0.0,263,3.91,4.3,Faisal_Town,267,55,50,253,250,2,4,3,4,138842
2021,05,5,04,1,2021-03-05,04:12:14am,0.0,0.0,263,3.57,4.07,Faisal_Town,269,58,51,255,250,2,3,3,4,138852
2021,05,5,04,1,2021-03-05,04:22:20am,0.0,0.0,263,3.87,4.28,Faisal_Town,271,64,53,257,251,2,3,3,3,138862
2021,05,5,04,1,2021-03-05,04:32:25am,0.0,0.0,263,4.85,4.93,Faisal_Town,272,79,57,259,251,3,2,3,3,138872
2021,05,5,04,1,2021-03-05,04:42:30am,0.0,0.0,263,3.29,3.87,Faisal_Town,274,86,60,261,251,3,2,3,3,138882
2021,05,5,04,1,2021-03-05,04:52:35am,0.0,0.0,263,2.8,3.49,Faisal_Town,276,92,62,263,251,3,2,4,2,138892
2021,05,5,05,1,2021-03-05,05:02:41am,0.0,0.0,263,3.04,3.67,Faisal_Town,276,88,61,263,253,3,2,4,3,138902
2021,05,5,05,1,2021-03-05,05:12:46am,0.0,0.0,263,3.78,4.22,Faisal_Town,276,89,61,263,255,3,2,4,3,138912
2021,05,5,05,1,2021-03-05,05:22:51am,0.0,0.0,263,4.27,4.55,Faisal_Town,276,91,62,263,257,3,2,4,3,138922
2021,05,5,05,1,2021-03-05,05:32:56am,0.0,0.0,263,4.59,4.76,Faisal_Town,276,90,62,263,259,3,3,4,3,138932
2021,05,5,05,1,2021-03-05,05:43:02am,0.0,0.0,263,4.66,4.81,Faisal_Town,276,96,63,263,261,3,3,4,3,138943
2021,05,5,05,1,2021-03-05,05:53:07am,0.0,0.0,263,5.51,5.34,Faisal_Town,276,103,67,263,263,4,3,4,4,138953
2021,05,5,06,1,2021-03-05,06:03:12am,0.0,0.0,263,4.89,4.95,Faisal_Town,276,107,69,263,263,4,3,4,4,138963
2021,05,5,06,1,2021-03-05,06:13:17am,0.0,0.0,263,5.6,5.39,Faisal_Town,276,111,71,263,263,4,3,4,4,138973
2021,05,5,06,1,2021-03-05,06:23:23am,0.0,0.0,263,5.51,5.34,Faisal_Town,276,113,73,263,263,5,3,5,4,138983
2021,05,5,06,1,2021-03-05,06:33:28am,0.0,0.0,263,5.25,5.18,Faisal_Town,276,115,74,263,263,5,3,5,4,138993
2021,05,5,06,1,2021-03-05,06:43:33am,0.0,0.0,263,4.89,4.95,Faisal_Town,276,115,74,263,263,5,3,5,4,139003
2021,05,5,06,1,2021-03-05,06:53:39am,0.0,0.0,263,6.66,6.02,Faisal_Town,276,118,75,263,263,5,4,5,4,139013
2021,05,5,07,1,2021-03-05,07:03:44am,0.0,0.0,263,7.09,6.26,Faisal_Town,276,122,77,263,263,5,4,5,4,139023
2021,05,5,07,1,2021-03-05,07:13:50am,0.0,0.0,263,7.26,6.35,Faisal_Town,276,126,79,263,263,6,4,5,4,139033
2021,05,5,07,1,2021-03-05,07:23:55am,0.0,0.0,263,6.93,6.17,Faisal_Town,276,129,81,263,263,6,5,5,5,139043
2021,05,5,07,1,2021-03-05,07:34:00am,0.0,0.0,263,9.7,7.62,Faisal_Town,276,138,85,263,263,7,5,6,5,139054
2021,05,5,07,1,2021-03-05,07:44:05am,0.0,0.0,263,6.61,5.99,Faisal_Town,276,142,87,263,263,7,5,6,5,139064
2021,05,5,07,1,2021-03-05,07:54:11am,0.0,0.0,263,7.32,6.38,Faisal_Town,276,143,88,263,263,7,5,6,5,139074
2021,05,5,08,1,2021-03-05,08:04:16am,0.0,0.0,263,7.21,6.32,Faisal_Town,276,143,88,263,263,7,5,6,5,139084
2021,05,5,08,1,2021-03-05,08:14:21am,0.0,0.0,263,7.26,6.35,Faisal_Town,276,143,88,263,263,7,6,6,5,139094
2021,05,5,08,1,2021-03-05,08:24:34am,0.0,0.0,241,3.91,4.3,Faisal_Town,272,137,85,259,263,7,6,6,5,139104
2021,05,5,08,1,2021-03-05,08:34:41am,0.0,0.0,241,3.2,3.79,Faisal_Town,269,123,77,255,263,5,7,5,6,139114
2021,05,5,08,1,2021-03-05,08:44:47am,0.0,0.0,241,3.14,3.75,Faisal_Town,266,116,73,252,263,5,7,5,6,139124
2021,05,5,09,1,2021-03-05,09:15:46am,0.0,0.0,241,2.23,3.03,Faisal_Town,263,105,67,248,263,4,7,4,6,139155
2021,05,5,09,1,2021-03-05,09:15:46am,0.0,0.0,241,5.45,5.3,Faisal_Town,259,102,65,244,263,4,7,4,6,139155
2021,05,5,10,1,2021-03-05,10:21:04am,0.0,0.0,197,24.65,13.69,Faisal_Town,250,138,79,233,263,7,7,5,6,139221
2021,05,5,10,1,2021-03-05,10:30:24am,0.0,0.0,197,33.2,16.5,Faisal_Town,244,159,101,226,259,11,7,7,6,139230
2021,05,5,11,1,2021-03-05,11:00:39am,0.0,0.0,197,22.0,12.74,Faisal_Town,238,166,103,219,255,15,5,9,5,139260
2021,05,5,11,1,2021-03-05,11:35:07am,0.0,0.0,197,13.49,9.37,Faisal_Town,231,170,105,211,252,16,5,10,5,139295
2021,05,5,11,1,2021-03-05,11:44:44am,0.0,0.0,75,4.04,4.4,Faisal_Town,209,171,105,184,248,17,4,10,4,139304
2021,05,5,11,1,2021-03-05,11:52:27am,0.0,0.0,75,6.35,5.84,Faisal_Town,190,171,105,156,244,17,4,10,4,139312
2021,05,5,12,0,2021-03-05,12:08:17pm,0.0,0.0,75,3.81,4.24,Faisal_Town,181,163,103,136,233,13,7,8,5,139328
2021,05,5,13,0,2021-03-05,01:38:23pm,0.0,0.0,75,3.1,3.72,Faisal_Town,170,152,91,115,226,8,11,6,7,139418
2021,05,5,13,0,2021-03-05,01:48:31pm,0.0,0.0,75,2.26,3.05,Faisal_Town,160,118,73,95,219,5,15,5,9,139428
2021,05,5,13,0,2021-03-05,01:58:44pm,0.0,0.0,75,2.49,3.24,Faisal_Town,149,91,61,75,211,3,16,4,10,139438
2021,05,5,14,0,2021-03-05,02:39:11pm,0.0,0.0,75,2.42,3.19,Faisal_Town,149,84,59,75,184,3,17,3,10,139479
2021,05,5,15,0,2021-03-05,03:12:29pm,0.0,0.0,75,2.47,3.22,Faisal_Town,149,67,54,75,156,2,17,3,10,139512
2021,05,5,15,0,2021-03-05,03:48:03pm,0.0,0.0,75,2.65,3.37,Faisal_Town,149,62,53,75,136,2,13,3,8,139548
2021,05,5,16,0,2021-03-05,04:01:51pm,0.0,0.0,50,3.88,4.28,Faisal_Town,141,66,54,70,115,2,8,3,6,139561
2021,05,5,16,0,2021-03-05,04:27:30pm,0.0,0.0,50,4.63,4.79,Faisal_Town,134,76,57,66,95,3,5,3,5,139587
2021,05,5,16,0,2021-03-05,04:29:49pm,0.0,0.0,50,5.61,5.4,Faisal_Town,128,89,61,62,75,3,3,4,4,139589
2021,05,5,17,0,2021-03-05,05:00:53pm,0.0,0.0,50,5.66,5.43,Faisal_Town,121,101,65,58,75,4,3,4,3,139620
2021,05,5,17,0,2021-03-05,05:37:45pm,0.0,0.0,46,4.24,4.53,Faisal_Town,112,105,68,53,75,4,2,4,3,139657
2021,05,5,18,0,2021-03-05,06:12:45pm,0.0,0.0,46,5.92,5.59,Faisal_Town,104,112,72,48,75,4,2,5,3,139692
2021,05,5,18,0,2021-03-05,06:17:20pm,0.0,0.0,46,13.49,9.37,Faisal_Town,104,132,81,48,70,6,2,5,3,139697
2021,05,5,18,0,2021-03-05,06:29:08pm,0.0,0.0,46,13.19,9.24,Faisal_Town,102,150,89,47,66,8,3,6,3,139709
2021,05,5,18,0,2021-03-05,06:47:41pm,0.0,0.0,46,24.42,13.6,Faisal_Town,101,157,101,46,62,11,3,7,4,139727
2021,05,5,20,0,2021-03-05,08:45:41pm,0.0,0.0,47,11.04,8.26,Faisal_Town,101,159,102,46,58,12,4,8,4,139845
2021,05,5,21,0,2021-03-05,09:27:01pm,0.0,0.0,47,24.61,13.67,Faisal_Town,101,167,104,46,53,15,4,9,4,139887
2021,05,5,21,0,2021-03-05,09:37:49pm,0.0,0.0,47,15.15,10.08,Faisal_Town,101,170,106,46,48,16,4,10,5,139897
2021,05,5,22,0,2021-03-05,10:35:34pm,0.0,0.0,47,16.87,10.79,Faisal_Town,101,172,106,46,48,17,6,10,5,139955
2021,05,5,23,0,2021-03-05,11:27:05pm,0.0,0.0,116,4.41,4.65,Faisal_Town,121,168,105,58,47,16,8,10,6,140007
2021,05,5,23,0,2021-03-05,11:37:13pm,0.0,0.0,116,3.64,4.11,Faisal_Town,141,161,102,70,46,12,11,8,7,140017
2021,05,5,23,0,2021-03-05,11:47:24pm,0.0,0.0,116,3.91,4.31,Faisal_Town,153,158,101,81,46,11,12,7,8,140027
2021,06,6,0,1,2021-03-06,12:47:26am,0.0,0.0,116,4.11,4.44,Faisal_Town,159,150,87,93,46,8,15,6,9,140087
2021,06,6,0,1,2021-03-06,12:57:37am,0.0,0.0,116,2.75,3.45,Faisal_Town,165,124,75,104,46,5,16,5,10,140097
2021,06,6,01,1,2021-03-06,01:07:43am,0.0,0.0,116,2.15,2.95,Faisal_Town,171,86,60,116,46,3,17,3,10,140107
2021,06,6,01,1,2021-03-06,01:19:53am,0.0,0.0,116,1.87,2.71,Faisal_Town,171,76,57,116,58,3,16,3,10,140119
2021,06,6,01,1,2021-03-06,01:41:16am,0.0,0.0,116,2.49,3.25,Faisal_Town,171,71,55,116,70,2,12,3,8,140141
2021,06,6,01,1,2021-03-06,01:51:12am,0.0,0.0,116,2.56,3.3,Faisal_Town,171,65,53,116,81,2,11,3,7,140151
2021,06,6,01,1,2021-03-06,01:58:58am,0.0,0.0,116,2.71,3.42,Faisal_Town,171,59,51,116,93,2,8,3,6,140158
2021,06,6,02,1,2021-03-06,02:58:42am,0.0,0.0,116,1.57,2.42,Faisal_Town,171,54,49,116,104,2,5,3,5,140218
2021,06,6,03,1,2021-03-06,03:08:58am,0.0,0.0,116,1.48,2.33,Faisal_Town,171,51,48,116,116,2,3,2,3,140228
2021,06,6,03,1,2021-03-06,03:09:09am,0.0,0.0,116,1.89,2.73,Faisal_Town,171,51,48,116,116,2,3,2,3,140229
2021,06,6,03,1,2021-03-06,03:46:33am,0.0,0.0,116,1.91,2.74,Faisal_Town,171,137,47,116,116,2,2,2,3,140266
2021,06,6,03,1,2021-03-06,03:47:03am,0.0,0.0,116,1.84,2.68,Faisal_Town,171,47,45,116,116,1,2,2,3,140267
2021,06,6,04,1,2021-03-06,04:53:39am,0.0,0.0,168,2.19,2.99,Faisal_Town,175,45,44,124,116,1,2,2,3,140333
2021,06,6,04,1,2021-03-06,04:58:55am,0.0,0.0,168,4.37,4.62,Faisal_Town,179,55,50,133,116,2,2,3,3,140338
2021,06,6,05,1,2021-03-06,05:24:58am,0.0,0.0,168,2.3,3.09,Faisal_Town,184,59,51,142,116,2,2,3,2,140364
2021,06,6,05,1,2021-03-06,05:25:22am,0.0,0.0,168,1.83,2.67,Faisal_Town,187,58,51,150,116,2,2,3,2,140365
2021,06,6,06,1,2021-03-06,06:01:19am,0.0,0.0,168,2.84,3.52,Faisal_Town,192,62,52,159,116,2,2,3,2,140401
2021,06,6,06,1,2021-03-06,06:23:26am,0.0,0.0,168,2.74,3.45,Faisal_Town,196,66,54,168,116,2,1,3,2,140423
2021,06,6,06,1,2021-03-06,06:30:20am,0.0,0.0,168,2.39,3.16,Faisal_Town,196,67,54,168,124,2,1,3,2,140430
2021,06,6,06,1,2021-03-06,06:50:56am,0.0,0.0,169,1.93,2.76,Faisal_Town,196,57,51,168,133,2,2,3,3,140450
2021,06,6,07,1,2021-03-06,07:11:02am,0.0,0.0,169,5.7,5.45,Faisal_Town,196,71,55,168,142,2,2,3,3,140471
2021,06,6,07,1,2021-03-06,07:25:47am,0.0,0.0,169,14.74,9.91,Faisal_Town,196,113,68,168,150,5,2,4,3,140485
2021,06,6,07,1,2021-03-06,07:44:28am,0.0,0.0,169,3.31,3.88,Faisal_Town,196,114,69,168,159,5,2,4,3,140504
2021,06,6,08,1,2021-03-06,08:44:31am,0.0,0.0,214,2.23,3.03,Faisal_Town,202,112,68,176,168,5,2,4,3,140564
2021,06,6,08,1,2021-03-06,08:52:17am,0.0,0.0,214,2.09,2.91,Faisal_Town,209,112,68,184,168,5,2,4,3,140572
2021,06,6,09,1,2021-03-06,09:29:13am,0.0,0.0,214,1.47,2.33,Faisal_Town,215,111,67,191,168,4,2,4,3,140609
2021,06,6,09,1,2021-03-06,09:34:58am,0.0,0.0,214,0.96,1.78,Faisal_Town,221,101,60,199,168,4,2,3,3,140614
2021,06,6,10,1,2021-03-06,10:01:56am,0.0,0.0,96,4.27,4.55,Faisal_Town,210,58,50,186,168,2,5,3,4,140641
2021,06,6,10,1,2021-03-06,10:02:33am,0.0,0.0,86,4.35,4.6,Faisal_Town,199,62,52,173,168,2,5,3,4,140642
2021,06,6,10,1,2021-03-06,10:12:38am,0.0,0.0,86,3.42,3.96,Faisal_Town,188,68,53,151,176,2,5,3,4,140652
2021,06,6,10,1,2021-03-06,10:22:44am,0.0,0.0,86,5.73,5.48,Faisal_Town,178,83,58,130,184,3,5,3,4,140662
2021,06,6,10,1,2021-03-06,10:32:49am,0.0,0.0,86,2.89,3.56,Faisal_Town,167,89,60,109,191,3,4,3,4,140672
2021,06,6,10,1,2021-03-06,10:42:54am,0.0,0.0,86,3.1,3.72,Faisal_Town,156,98,64,87,199,3,4,4,3,140682
2021,06,6,10,1,2021-03-06,10:53:00am,0.0,0.0,86,8.66,7.1,Faisal_Town,156,108,69,86,186,4,2,4,3,140693
2021,06,6,11,1,2021-03-06,11:03:05am,0.0,0.0,86,7.15,6.29,Faisal_Town,156,114,72,86,173,5,2,5,3,140703
2021,06,6,11,1,2021-03-06,11:13:10am,0.0,0.0,86,4.58,4.76,Faisal_Town,156,116,73,86,151,5,2,5,3,140713
2021,06,6,11,1,2021-03-06,11:23:15am,0.0,0.0,86,3.39,3.94,Faisal_Town,156,111,70,86,130,4,3,4,3,140723
2021,06,6,11,1,2021-03-06,11:33:21am,0.0,0.0,86,3.27,3.85,Faisal_Town,156,112,71,86,109,5,3,4,3,140733
2021,06,6,11,1,2021-03-06,11:43:26am,0.0,0.0,86,3.78,4.21,Faisal_Town,156,114,72,86,87,5,3,5,4,140743
2021,06,6,11,1,2021-03-06,11:53:31am,0.0,0.0,86,3.13,3.74,Faisal_Town,156,102,66,86,86,4,4,4,4,140753
2021,06,6,12,0,2021-03-06,12:03:37pm,0.0,0.0,86,3.49,4.01,Faisal_Town,156,89,61,86,86,3,5,4,5,140763
2021,06,6,12,0,2021-03-06,12:13:42pm,0.0,0.0,86,2.96,3.62,Faisal_Town,156,82,59,86,86,3,5,3,5,140773
2021,06,6,12,0,2021-03-06,12:23:47pm,0.0,0.0,86,3.91,4.31,Faisal_Town,156,85,60,86,86,3,4,3,4,140783
2021,06,6,12,0,2021-03-06,12:33:52pm,0.0,0.0,86,3.71,4.17,Faisal_Town,156,87,61,86,86,3,5,4,4,140793
2021,06,6,12,0,2021-03-06,12:43:58pm,0.0,0.0,86,3.49,4.01,Faisal_Town,156,85,60,86,86,3,5,3,5,140803
2021,06,6,12,0,2021-03-06,12:54:03pm,0.0,0.0,90,4.58,4.76,Faisal_Town,156,92,62,86,86,3,4,4,4,140814
2021,06,6,13,0,2021-03-06,01:04:08pm,0.0,0.0,90,2.99,3.64,Faisal_Town,156,89,61,87,86,3,3,4,4,140824
2021,06,6,13,0,2021-03-06,01:54:14pm,0.0,0.0,90,4.27,4.55,Faisal_Town,157,95,63,88,86,3,3,4,3,140874
2021,06,6,14,0,2021-03-06,02:24:28pm,0.0,0.0,38,4.02,4.38,Faisal_Town,153,95,63,80,86,3,3,4,3,140904
2021,06,6,14,0,2021-03-06,02:34:33pm,0.0,0.0,38,1.69,2.54,Faisal_Town,144,87,60,72,86,3,3,3,4,140914
2021,06,6,14,0,2021-03-06,02:44:38pm,0.0,0.0,38,2.01,2.83,Faisal_Town,131,80,58,64,86,3,3,3,3,140924
2021,06,6,14,0,2021-03-06,02:54:44pm,0.0,0.0,38,2.18,2.98,Faisal_Town,116,70,55,55,86,2,3,3,4,140934
2021,06,6,15,0,2021-03-06,03:04:49pm,0.0,0.0,38,1.97,2.8,Faisal_Town,101,66,53,46,87,2,3,3,4,140944
2021,06,6,15,0,2021-03-06,03:14:54pm,0.0,0.0,38,1.69,2.54,Faisal_Town,86,55,50,38,88,2,3,3,4,140954
2021,06,6,15,0,2021-03-06,03:25:00pm,0.0,0.0,38,2.04,2.86,Faisal_Town,86,48,45,38,80,1,3,2,4,140965
2021,06,6,15,0,2021-03-06,03:35:05pm,0.0,0.0,38,2.16,2.96,Faisal_Town,86,48,47,38,72,2,3,2,3,140975
2021,06,6,15,0,2021-03-06,03:45:10pm,0.0,0.0,38,3.02,3.66,Faisal_Town,86,52,49,38,64,2,3,2,3,140985
2021,06,6,15,0,2021-03-06,03:55:15pm,0.0,0.0,38,2.94,3.6,Faisal_Town,86,56,50,38,55,2,2,3,3,140995
2021,06,6,16,0,2021-03-06,04:05:21pm,0.0,0.0,38,2.94,3.6,Faisal_Town,86,60,52,38,46,2,2,3,3,141005
2021,06,6,16,0,2021-03-06,04:22:37pm,0.0,0.0,52,5.19,5.14,Faisal_Town,90,75,56,40,38,3,2,3,3,141022
2021,06,6,16,0,2021-03-06,04:32:42pm,0.0,0.0,52,5.32,5.23,Faisal_Town,93,89,61,42,38,3,1,4,2,141032
2021,06,6,16,0,2021-03-06,04:42:47pm,0.0,0.0,52,5.65,5.42,Faisal_Town,98,101,65,45,38,4,2,4,2,141042
2021,06,6,16,0,2021-03-06,04:52:53pm,0.0,0.0,52,4.68,4.82,Faisal_Town,102,105,68,47,38,4,2,4,2,141052
2021,06,6,17,0,2021-03-06,05:02:59pm,0.0,0.0,52,5.5,5.34,Faisal_Town,106,110,71,49,38,4,2,4,3,141062
2021,06,6,17,0,2021-03-06,05:13:03pm,0.0,0.0,52,5.19,5.14,Faisal_Town,111,115,74,52,38,5,2,5,3,141073
2021,06,6,17,0,2021-03-06,05:23:09pm,0.0,0.0,52,3.84,4.26,Faisal_Town,111,112,72,52,40,5,3,5,3,141083
2021,06,6,18,0,2021-03-06,06:03:31pm,0.0,0.0,52,2.72,3.43,Faisal_Town,111,107,69,52,42,4,3,4,4,141123
2021,06,6,18,0,2021-03-06,06:03:31pm,0.0,0.0,52,2.87,3.55,Faisal_Town,111,101,65,52,45,4,4,4,4,141123
2021,06,6,18,0,2021-03-06,06:13:51pm,0.0,0.0,52,3.84,4.26,Faisal_Town,111,99,64,52,47,3,4,4,4,141133
2021,06,6,18,0,2021-03-06,06:56:02pm,0.0,0.0,63,4.83,4.91,Faisal_Town,112,96,63,53,49,3,4,4,4,141176
2021,06,6,19,0,2021-03-06,07:07:53pm,0.0,0.0,63,4.99,5.02,Faisal_Town,116,96,63,55,52,3,5,4,5,141187
2021,06,6,19,0,2021-03-06,07:17:04pm,0.0,0.0,63,8.74,7.13,Faisal_Town,119,108,69,57,52,4,5,4,5,141197
2021,06,6,19,0,2021-03-06,07:26:22pm,0.0,0.0,63,5.24,5.17,Faisal_Town,122,113,72,59,52,5,4,5,4,141206
2021,06,6,19,0,2021-03-06,07:36:21pm,0.0,0.0,63,7.64,6.55,Faisal_Town,126,123,77,61,52,5,4,5,4,141216
2021,06,6,19,0,2021-03-06,07:58:31pm,0.0,0.0,63,5.68,5.44,Faisal_Town,129,127,79,63,52,6,3,5,4,141238
2021,06,6,19,0,2021-03-06,07:58:31pm,0.0,0.0,63,5.82,5.52,Faisal_Town,129,129,81,63,53,6,3,5,4,141238
2021,06,6,20,0,2021-03-06,08:18:35pm,0.0,0.0,63,9.68,7.61,Faisal_Town,129,139,85,63,55,7,3,6,4,141258
2021,06,6,20,0,2021-03-06,08:37:51pm,0.0,0.0,63,8.14,6.82,Faisal_Town,129,137,85,63,57,7,4,6,4,141277
2021,06,6,21,0,2021-03-06,09:38:39pm,0.0,0.0,99,27.3,14.59,Faisal_Town,139,156,101,69,59,10,5,7,5,141338
2021,06,6,15,0,2021-03-06,03:35:05pm,0.0,0.0,38,2.16,2.96,Faisal_Town,131,154,96,64,61,9,5,7,5,140975
2021,06,6,15,0,2021-03-06,03:45:10pm,0.0,0.0,38,3.02,3.66,Faisal_Town,124,153,92,60,63,9,6,6,5,140985
2021,06,6,15,0,2021-03-06,03:55:15pm,0.0,0.0,38,2.94,3.6,Faisal_Town,117,152,89,56,63,8,6,6,5,140995
2021,06,6,16,0,2021-03-06,04:05:21pm,0.0,0.0,38,2.94,3.6,Faisal_Town,111,146,81,52,63,7,7,5,6,141005
2021,06,6,16,0,2021-03-06,04:22:37pm,0.0,0.0,52,5.19,5.14,Faisal_Town,107,140,78,50,63,7,7,5,6,141022
2021,06,6,16,0,2021-03-06,04:32:42pm,0.0,0.0,52,5.32,5.23,Faisal_Town,93,89,61,42,69,3,10,4,7,141032
2021,06,6,16,0,2021-03-06,04:42:47pm,0.0,0.0,52,5.65,5.42,Faisal_Town,98,101,65,45,64,4,9,4,7,141042
2021,06,6,16,0,2021-03-06,04:52:53pm,0.0,0.0,52,4.68,4.82,Faisal_Town,102,105,68,47,60,4,9,4,6,141052
2021,06,6,17,0,2021-03-06,05:02:59pm,0.0,0.0,52,5.5,5.34,Faisal_Town,106,110,71,49,56,4,8,4,6,141062
2021,06,6,17,0,2021-03-06,05:13:03pm,0.0,0.0,52,5.19,5.14,Faisal_Town,111,115,74,52,52,5,7,5,5,141073
2021,06,6,17,0,2021-03-06,05:23:09pm,0.0,0.0,52,3.84,4.26,Faisal_Town,111,112,72,52,50,5,7,5,5,141083
2021,06,6,18,0,2021-03-06,06:03:31pm,0.0,0.0,52,2.72,3.43,Faisal_Town,111,107,69,52,42,4,3,4,4,141123
2021,06,6,18,0,2021-03-06,06:03:31pm,0.0,0.0,52,2.87,3.55,Faisal_Town,111,101,65,52,45,4,4,4,4,141123
2021,06,6,18,0,2021-03-06,06:13:51pm,0.0,0.0,52,3.84,4.26,Faisal_Town,111,99,64,52,47,3,4,4,4,141133
2021,06,6,18,0,2021-03-06,06:56:02pm,0.0,0.0,63,4.83,4.91,Faisal_Town,112,96,63,53,49,3,4,4,4,141176
2021,06,6,19,0,2021-03-06,07:07:53pm,0.0,0.0,63,4.99,5.02,Faisal_Town,116,96,63,55,52,3,5,4,5,141187
2021,06,6,19,0,2021-03-06,07:17:04pm,0.0,0.0,63,8.74,7.13,Faisal_Town,119,108,69,57,52,4,5,4,5,141197
2021,06,6,19,0,2021-03-06,07:26:22pm,0.0,0.0,63,5.24,5.17,Faisal_Town,122,113,72,59,52,5,4,5,4,141206
2021,06,6,19,0,2021-03-06,07:36:21pm,0.0,0.0,63,7.64,6.55,Faisal_Town,126,123,77,61,52,5,4,5,4,141216
2021,06,6,19,0,2021-03-06,07:58:31pm,0.0,0.0,63,5.68,5.44,Faisal_Town,129,127,79,63,52,6,3,5,4,141238
2021,06,6,19,0,2021-03-06,07:58:31pm,0.0,0.0,63,5.82,5.52,Faisal_Town,129,129,81,63,53,6,3,5,4,141238
2021,06,6,20,0,2021-03-06,08:18:35pm,0.0,0.0,63,9.68,7.61,Faisal_Town,129,139,85,63,55,7,3,6,4,141258
2021,06,6,20,0,2021-03-06,08:37:51pm,0.0,0.0,63,8.14,6.82,Faisal_Town,129,137,85,63,57,7,4,6,4,141277
2021,06,6,21,0,2021-03-06,09:38:39pm,0.0,0.0,99,27.3,14.59,Faisal_Town,139,156,101,69,59,10,5,7,5,141338
2021,16,2,19,0,2021-03-16,07:36:12pm,0.0,0.0,48,2604.34,255.61,Faisal_Town,134,786,151,66,61,443,5,49,5,155616
2021,16,2,19,0,2021-03-16,07:46:18pm,0.0,0.0,48,22.33,12.86,Faisal_Town,131,790,151,64,63,446,6,50,5,155626
2021,16,2,19,0,2021-03-16,07:56:23pm,0.0,0.0,48,47.18,20.58,Faisal_Town,126,800,151,61,63,453,6,53,5,155636
2021,16,2,20,0,2021-03-16,08:06:28pm,0.0,0.0,48,48.7,20.99,Faisal_Town,122,809,151,59,63,459,7,55,6,155646
2021,16,2,20,0,2021-03-16,08:16:34pm,0.0,0.0,48,60.68,24.1,Faisal_Town,117,821,151,56,63,468,7,58,6,155656
2021,16,2,20,0,2021-03-16,08:26:39pm,0.0,0.0,48,86.15,30.04,Faisal_Town,104,835,151,48,69,478,10,60,7,155666
2021,16,2,20,0,2021-03-16,08:46:44pm,0.0,0.0,48,95.28,32.0,Faisal_Town,104,243,126,48,66,60,443,23,49,155686
2021,16,2,20,0,2021-03-16,08:56:50pm,0.0,0.0,48,106.99,34.41,Faisal_Town,104,263,132,48,64,74,446,27,50,155696
2021,16,2,21,0,2021-03-16,09:06:55pm,0.0,0.0,48,102.94,33.59,Faisal_Town,104,276,136,48,61,83,453,29,53,155706
2021,16,2,21,0,2021-03-16,09:08:02pm,0.0,0.0,66,5.92,5.59,Faisal_Town,109,266,132,51,59,76,459,26,55,155708
2021,16,2,21,0,2021-03-16,09:18:07pm,0.0,0.0,66,3.32,3.88,Faisal_Town,114,252,126,54,56,66,468,23,58,155718
2021,16,2,21,0,2021-03-16,09:28:12pm,0.0,0.0,66,4.85,4.93,Faisal_Town,119,233,119,57,48,53,478,19,60,155728
2021,16,2,21,0,2021-03-16,09:38:18pm,0.0,0.0,66,6.4,5.87,Faisal_Town,124,212,112,60,48,38,60,14,23,155738
2021,16,2,21,0,2021-03-16,09:48:23pm,0.0,0.0,66,6.8,6.1,Faisal_Town,129,181,104,63,48,21,74,9,27,155748
2021,16,2,21,0,2021-03-16,09:58:28pm,0.0,0.0,66,7.87,6.68,Faisal_Town,134,123,77,66,48,5,83,5,29,155758
2021,16,2,22,0,2021-03-16,10:08:33pm,0.0,0.0,66,8.31,6.91,Faisal_Town,134,128,80,66,51,6,76,5,26,155768
2021,16,2,22,0,2021-03-16,10:18:39pm,0.0,0.0,66,9.4,7.47,Faisal_Town,134,140,86,66,54,7,66,6,23,155778
2021,16,2,22,0,2021-03-16,10:28:44pm,0.0,0.0,66,8.7,7.12,Faisal_Town,134,148,90,66,57,7,53,6,19,155788
2021,16,2,22,0,2021-03-16,10:38:49pm,0.0,0.0,66,8.7,7.12,Faisal_Town,134,151,93,66,60,8,38,6,14,155798
2021,16,2,22,0,2021-03-16,10:58:55pm,0.0,0.0,66,7.58,6.52,Faisal_Town,134,151,94,66,63,8,21,6,9,155818
2021,16,2,23,0,2021-03-16,11:09:00pm,0.0,0.0,66,9.62,7.58,Faisal_Town,134,152,95,66,66,8,5,7,5,155829
2021,16,2,23,0,2021-03-16,11:19:05pm,0.0,0.0,66,8.18,6.85,Faisal_Town,134,152,95,66,66,8,6,7,5,155839
2021,16,2,23,0,2021-03-16,11:29:10pm,0.0,0.0,66,6.8,6.1,Faisal_Town,134,151,93,66,66,8,7,6,6,155849
2021,16,2,23,0,2021-03-16,11:39:16pm,0.0,0.0,66,6.7,6.04,Faisal_Town,134,149,91,66,66,7,7,6,6,155859
2021,16,2,23,0,2021-03-16,11:49:21pm,0.0,0.0,66,6.25,5.78,Faisal_Town,134,143,88,66,66,7,8,6,6,155869
2021,16,2,23,0,2021-03-16,11:59:26pm,0.0,0.0,67,6.45,5.89,Faisal_Town,134,141,87,66,66,7,8,6,6,155879
2021,17,3,0,1,2021-03-17,12:09:32am,0.0,0.0,67,4.77,4.88,Faisal_Town,134,131,82,66,66,6,8,5,7,155889
2021,17,3,0,1,2021-03-17,12:19:37am,0.0,0.0,67,4.56,4.74,Faisal_Town,134,123,78,66,66,5,8,5,7,155899
2021,17,3,0,1,2021-03-17,12:29:42am,0.0,0.0,67,4.88,4.95,Faisal_Town,134,119,76,66,66,5,8,5,6,155909
2021,17,3,0,1,2021-03-17,12:39:47am,0.0,0.0,67,3.37,3.92,Faisal_Town,134,112,72,66,66,5,7,5,6,155919
2021,17,3,0,1,2021-03-17,12:49:53am,0.0,0.0,67,3.64,4.12,Faisal_Town,136,107,69,67,66,4,7,4,6,155929
2021,17,3,0,1,2021-03-17,12:59:58am,0.0,0.0,67,3.61,4.1,Faisal_Town,136,101,66,67,66,4,7,4,6,155939
2021,17,3,01,1,2021-03-17,01:10:03am,0.0,0.0,67,4.28,4.56,Faisal_Town,136,100,65,67,66,4,6,4,5,155950
2021,17,3,01,1,2021-03-17,01:20:08am,0.0,0.0,67,4.03,4.39,Faisal_Town,136,99,64,67,66,3,5,4,5,155960
2021,17,3,01,1,2021-03-17,01:30:22am,0.0,0.0,182,3.96,4.34,Faisal_Town,156,95,63,86,66,3,5,4,5,155970
2021,17,3,01,1,2021-03-17,01:40:27am,0.0,0.0,182,3.58,4.07,Faisal_Town,165,96,63,105,66,3,5,4,5,155980
2021,17,3,01,1,2021-03-17,01:50:32am,0.0,0.0,182,3.9,4.3,Faisal_Town,175,97,64,124,67,3,4,4,4,155990
2021,17,3,02,1,2021-03-17,02:00:38am,0.0,0.0,182,2.94,3.6,Faisal_Town,184,94,63,143,67,3,4,4,4,156000
2021,17,3,02,1,2021-03-17,02:10:43am,0.0,0.0,182,2.9,3.57,Faisal_Town,193,88,61,162,67,3,4,4,4,156010
2021,17,3,02,1,2021-03-17,02:20:48am,0.0,0.0,182,2.81,3.5,Faisal_Town,207,83,59,182,67,3,3,3,4,156020
2021,17,3,02,1,2021-03-17,02:30:53am,0.0,0.0,182,3.01,3.65,Faisal_Town,207,79,58,182,86,3,3,3,4,156030
2021,17,3,02,1,2021-03-17,02:40:59am,0.0,0.0,182,2.76,3.46,Faisal_Town,207,75,57,182,105,3,3,3,4,156040
2021,17,3,02,1,2021-03-17,02:51:04am,0.0,0.0,182,3.13,3.75,Faisal_Town,207,72,56,182,124,2,3,3,4,156051
2021,17,3,03,1,2021-03-17,03:01:09am,0.0,0.0,182,4.42,4.65,Faisal_Town,207,78,58,182,143,3,3,3,4,156061
2021,17,3,03,1,2021-03-17,03:11:14am,0.0,0.0,182,4.31,4.58,Faisal_Town,207,84,60,182,162,3,3,3,4,156071
2021,17,3,03,1,2021-03-17,03:21:20am,0.0,0.0,182,4.22,4.51,Faisal_Town,207,90,62,182,182,3,3,4,3,156081
2021,17,3,03,1,2021-03-17,03:31:25am,0.0,0.0,182,4.28,4.56,Faisal_Town,207,96,63,182,182,3,3,4,3,156091
2021,17,3,03,1,2021-03-17,03:41:30am,0.0,0.0,182,3.13,3.75,Faisal_Town,207,97,64,182,182,3,3,4,3,156101
2021,17,3,03,1,2021-03-17,03:51:36am,0.0,0.0,182,3.11,3.73,Faisal_Town,207,97,64,182,182,3,2,4,3,156111
2021,17,3,04,1,2021-03-17,04:01:41am,0.0,0.0,182,2.34,3.12,Faisal_Town,207,88,61,182,182,3,3,4,3,156121
2021,17,3,04,1,2021-03-17,04:11:46am,0.0,0.0,182,2.04,2.86,Faisal_Town,207,79,58,182,182,3,3,3,3,156131
2021,17,3,04,1,2021-03-17,04:21:51am,0.0,0.0,183,1.77,2.62,Faisal_Town,207,68,54,182,182,2,3,3,4,156141
2021,17,3,04,1,2021-03-17,04:31:57am,0.0,0.0,183,1.42,2.28,Faisal_Town,207,56,50,182,182,2,3,3,4,156151
2021,17,3,04,1,2021-03-17,04:42:02am,0.0,0.0,183,1.3,2.16,Faisal_Town,207,49,46,182,182,1,3,2,4,156162
2021,17,3,04,1,2021-03-17,04:52:07am,0.0,0.0,183,1.2,2.05,Faisal_Town,207,41,41,182,182,1,3,2,4,156172
2021,17,3,05,1,2021-03-17,05:02:12am,0.0,0.0,183,0.99,1.82,Faisal_Town,207,36,38,182,182,1,3,2,4,156182
2021,17,3,05,1,2021-03-17,05:12:18am,0.0,0.0,183,0.86,1.66,Faisal_Town,208,31,34,183,182,1,3,2,3,156192
2021,17,3,05,1,2021-03-17,05:22:23am,0.0,0.0,183,0.84,1.64,Faisal_Town,208,27,32,183,182,1,2,1,3,156202
2021,17,3,05,1,2021-03-17,05:32:28am,0.0,0.0,183,0.99,1.82,Faisal_Town,208,25,30,183,182,1,2,1,3,156212
2021,17,3,05,1,2021-03-17,05:42:33am,0.0,0.0,183,0.83,1.63,Faisal_Town,208,23,29,183,182,0,1,1,2,156222
2021,17,3,05,1,2021-03-17,05:52:47am,0.0,0.0,214,3.9,4.3,Faisal_Town,212,35,35,188,182,1,1,2,2,156232
2021,17,3,06,1,2021-03-17,06:02:52am,0.0,0.0,214,5.61,5.4,Faisal_Town,216,52,45,193,182,2,1,2,2,156242
2021,17,3,06,1,2021-03-17,06:12:57am,0.0,0.0,214,4.78,4.89,Faisal_Town,220,69,53,198,183,2,1,3,2,156252
2021,17,3,06,1,2021-03-17,06:23:03am,0.0,0.0,214,5.79,5.51,Faisal_Town,225,90,60,203,183,3,1,3,1,156263
2021,17,3,06,1,2021-03-17,06:33:08am,0.0,0.0,214,5.29,5.2,Faisal_Town,229,104,66,208,183,4,1,4,1,156273
2021,17,3,06,1,2021-03-17,06:43:13am,0.0,0.0,214,5.33,5.23,Faisal_Town,234,113,73,214,183,5,0,5,1,156283
2021,17,3,06,1,2021-03-17,06:53:18am,0.0,0.0,214,6.61,5.99,Faisal_Town,234,119,76,214,188,5,1,5,2,156293
2021,17,3,07,1,2021-03-17,07:13:24am,0.0,0.0,214,9.69,7.61,Faisal_Town,234,127,80,214,193,6,2,5,2,156313
2021,17,3,07,1,2021-03-17,07:23:29am,0.0,0.0,214,10.09,7.81,Faisal_Town,234,139,85,214,198,7,2,6,3,156323
2021,17,3,07,1,2021-03-17,07:33:34am,0.0,0.0,214,8.45,6.98,Faisal_Town,234,144,88,214,203,7,3,6,3,156333
2021,17,3,07,1,2021-03-17,07:43:40am,0.0,0.0,214,5.84,5.54,Faisal_Town,234,145,89,214,208,7,4,6,4,156343
2021,17,3,07,1,2021-03-17,07:53:45am,0.0,0.0,214,5.99,5.63,Faisal_Town,234,147,89,214,214,7,5,6,5,156353
2021,17,3,08,1,2021-03-17,08:03:50am,0.0,0.0,214,6.78,6.08,Faisal_Town,234,147,90,214,214,7,5,6,5,156363
2021,17,3,08,1,2021-03-17,08:23:56am,0.0,0.0,214,15.49,10.22,Faisal_Town,234,152,94,214,214,8,6,7,5,156383
2021,17,3,08,1,2021-03-17,08:44:01am,0.0,0.0,214,14.2,9.68,Faisal_Town,234,154,98,214,214,9,7,7,6,156404
2021,17,3,08,1,2021-03-17,08:54:06am,0.0,0.0,214,14.43,9.78,Faisal_Town,234,156,101,214,214,10,7,7,6,156414
2021,17,3,09,1,2021-03-17,09:04:12am,0.0,0.0,214,9.46,7.5,Faisal_Town,234,157,101,214,214,11,7,8,6,156424
2021,17,3,09,1,2021-03-17,09:14:17am,0.0,0.0,214,7.18,6.31,Faisal_Town,234,158,102,214,214,11,7,8,6,156434
2021,17,3,09,1,2021-03-17,09:44:23am,0.0,0.0,214,7.98,6.74,Faisal_Town,234,158,102,214,214,11,7,8,6,156464
2021,17,3,13,0,2021-03-17,01:04:40pm,0.0,0.0,53,3.9,4.3,Faisal_Town,211,154,98,187,214,9,8,7,7,156664
2021,17,3,13,0,2021-03-17,01:14:45pm,0.0,0.0,53,3.02,3.66,Faisal_Town,192,145,87,160,214,7,9,6,7,156674
2021,17,3,13,0,2021-03-17,01:24:51pm,0.0,0.0,53,1.97,2.8,Faisal_Town,179,119,74,133,214,5,10,5,7,156684
2021,17,3,13,0,2021-03-17,01:34:56pm,0.0,0.0,53,2.52,3.27,Faisal_Town,166,105,66,106,214,4,11,4,8,156694
2021,17,3,13,0,2021-03-17,01:45:01pm,0.0,0.0,53,2.97,3.62,Faisal_Town,152,92,61,79,214,3,11,4,8,156705
2021,17,3,13,0,2021-03-17,01:55:07pm,0.0,0.0,53,2.3,3.09,Faisal_Town,112,68,54,53,214,2,11,3,8,156715
2021,17,3,14,0,2021-03-17,02:05:12pm,0.0,0.0,53,2.84,3.52,Faisal_Town,112,63,53,53,187,2,9,3,7,156725
2021,17,3,16,0,2021-03-17,04:15:19pm,0.0,0.0,53,7.38,6.41,Faisal_Town,112,82,58,53,160,3,7,3,6,156855
2021,17,3,16,0,2021-03-17,04:22:39pm,0.0,0.0,50,4.42,4.65,Faisal_Town,111,93,62,52,133,3,5,4,5,156862
2021,17,3,16,0,2021-03-17,04:32:44pm,0.0,0.0,50,3.87,4.28,Faisal_Town,111,99,63,52,106,3,4,4,4,156872
2021,17,3,16,0,2021-03-17,04:42:49pm,0.0,0.0,50,3.68,4.14,Faisal_Town,109,100,64,51,79,4,3,4,4,156882
2021,17,3,16,0,2021-03-17,04:52:54pm,0.0,0.0,50,4.45,4.67,Faisal_Town,109,105,67,51,53,4,2,4,3,156892
2021,17,3,17,0,2021-03-17,05:23:05pm,0.0,0.0,50,3.35,3.91,Faisal_Town,107,106,68,50,53,4,2,4,3,156923
2021,17,3,17,0,2021-03-17,05:33:10pm,0.0,0.0,50,5.65,5.43,Faisal_Town,107,102,66,50,53,4,3,4,3,156933
2021,17,3,18,0,2021-03-17,06:32:16pm,0.0,0.0,48,18.2,11.31,Faisal_Town,106,131,79,49,52,6,3,5,4,156992
2021,17,3,19,0,2021-03-17,07:42:22pm,0.0,0.0,48,37.78,17.9,Faisal_Town,106,160,101,49,52,12,3,7,4,157062
2021,17,3,20,0,2021-03-17,08:11:37pm,0.0,0.0,89,4.63,4.79,Faisal_Town,116,160,101,55,51,12,4,8,4,157091
2021,17,3,20,0,2021-03-17,08:21:42pm,0.0,0.0,89,4.74,4.86,Faisal_Town,128,160,101,62,51,12,4,8,4,157101
2021,17,3,20,0,2021-03-17,08:31:48pm,0.0,0.0,89,4.05,4.4,Faisal_Town,138,160,101,68,50,12,4,8,4,157111
2021,17,3,20,0,2021-03-17,08:41:53pm,0.0,0.0,89,5.12,5.1,Faisal_Town,149,160,101,75,50,12,4,8,4,157121
2021,17,3,20,0,2021-03-17,08:51:58pm,0.0,0.0,89,3.9,4.3,Faisal_Town,154,155,93,82,49,10,6,6,5,157131
2021,17,3,21,0,2021-03-17,09:02:04pm,0.0,0.0,89,4.32,4.58,Faisal_Town,157,105,68,89,49,4,12,4,7,157142
2021,17,3,21,0,2021-03-17,09:12:09pm,0.0,0.0,89,5.57,5.38,Faisal_Town,157,107,69,89,55,4,12,4,8,157152
2021,17,3,21,0,2021-03-17,09:22:14pm,0.0,0.0,89,5.49,5.33,Faisal_Town,157,109,70,89,62,4,12,4,8,157162
2021,17,3,21,0,2021-03-17,09:32:19pm,0.0,0.0,89,5.75,5.49,Faisal_Town,157,112,72,89,68,5,12,5,8,157172
2021,17,3,21,0,2021-03-17,09:42:25pm,0.0,0.0,89,5.24,5.17,Faisal_Town,157,112,72,89,75,5,12,5,8,157182
2021,17,3,21,0,2021-03-17,09:52:30pm,0.0,0.0,89,4.35,4.6,Faisal_Town,157,113,73,89,82,5,10,5,6,157192
2021,17,3,22,0,2021-03-17,10:02:35pm,0.0,0.0,89,4.05,4.4,Faisal_Town,157,113,72,89,89,5,4,5,4,157202
2021,17,3,22,0,2021-03-17,10:12:41pm,0.0,0.0,89,5.45,5.3,Faisal_Town,157,112,72,89,89,5,4,5,4,157212
2021,17,3,22,0,2021-03-17,10:22:46pm,0.0,0.0,89,5.45,5.3,Faisal_Town,157,112,72,89,89,5,4,5,4,157222
2021,17,3,22,0,2021-03-17,10:32:51pm,0.0,0.0,89,7.03,6.22,Faisal_Town,157,115,73,89,89,5,5,5,5,157232
2021,17,3,22,0,2021-03-17,10:42:57pm,0.0,0.0,89,9.2,7.37,Faisal_Town,157,123,78,89,89,5,5,5,5,157242
2021,17,3,22,0,2021-03-17,10:53:02pm,0.0,0.0,89,13.53,9.39,Faisal_Town,157,143,86,89,89,7,5,6,5,157253
2021,18,4,01,1,2021-03-18,01:53:11am,0.0,0.0,89,5.84,5.54,Faisal_Town,157,146,89,89,89,7,5,6,5,157433
2021,18,4,02,1,2021-03-18,02:03:16am,0.0,0.0,89,5.28,5.2,Faisal_Town,157,146,88,89,89,7,5,6,5,157443
2021,18,4,02,1,2021-03-18,02:13:22am,0.0,0.0,89,4.7,4.83,Faisal_Town,157,144,88,89,89,7,5,6,5,157453
2021,18,4,02,1,2021-03-18,02:23:27am,0.0,0.0,89,4.49,4.69,Faisal_Town,157,139,85,89,89,7,5,6,5,157463
2021,18,4,02,1,2021-03-18,02:33:32am,0.0,0.0,89,4.35,4.6,Faisal_Town,157,129,80,89,89,6,5,5,5,157473
2021,18,4,02,1,2021-03-18,02:43:37am,0.0,0.0,89,5.24,5.17,Faisal_Town,157,112,72,89,89,4,7,5,6,157483
2021,18,4,02,1,2021-03-18,02:53:43am,0.0,0.0,89,5.79,5.51,Faisal_Town,157,111,72,89,89,4,7,5,6,157493
2021,18,4,03,1,2021-03-18,03:03:48am,0.0,0.0,89,4.22,4.51,Faisal_Town,157,109,70,89,89,4,7,4,6,157503
2021,18,4,03,1,2021-03-18,03:13:53am,0.0,0.0,89,3.72,4.17,Faisal_Town,157,107,69,89,89,4,7,4,6,157513
2021,18,4,03,1,2021-03-18,03:24:07am,0.0,0.0,201,3.9,4.3,Faisal_Town,166,106,68,107,89,4,7,4,6,157524
2021,18,4,03,1,2021-03-18,03:34:12am,0.0,0.0,201,3.84,4.26,Faisal_Town,176,105,68,126,89,4,6,4,5,157534
2021,18,4,03,1,2021-03-18,03:44:17am,0.0,0.0,201,3.03,3.67,Faisal_Town,185,142,65,145,89,4,4,4,5,157544
2021,18,4,03,1,2021-03-18,03:54:23am,0.0,0.0,201,2.67,3.39,Faisal_Town,194,88,61,163,89,3,4,4,5,157554
2021,18,4,04,1,2021-03-18,04:04:28am,0.0,0.0,201,2.67,3.39,Faisal_Town,207,82,59,182,89,3,4,3,4,157564
2021,18,4,04,1,2021-03-18,04:14:33am,0.0,0.0,201,2.73,3.44,Faisal_Town,223,77,58,201,89,3,4,3,4,157574
2021,18,4,04,1,2021-03-18,04:24:38am,0.0,0.0,201,2.27,3.06,Faisal_Town,223,70,55,201,107,2,4,3,4,157584
2021,18,4,04,1,2021-03-18,04:34:44am,0.0,0.0,201,2.25,3.04,Faisal_Town,223,63,53,201,126,2,4,3,4,157594
2021,18,4,04,1,2021-03-18,04:44:49am,0.0,0.0,201,2.18,2.98,Faisal_Town,223,60,52,201,145,2,4,3,4,157604
2021,18,4,04,1,2021-03-18,04:54:54am,0.0,0.0,201,2.11,2.92,Faisal_Town,223,57,51,201,163,2,3,3,4,157614
2021,18,4,05,1,2021-03-18,05:05:00am,0.0,0.0,201,1.72,2.57,Faisal_Town,223,53,49,201,182,2,3,3,3,157625
2021,18,4,05,1,2021-03-18,05:15:05am,0.0,0.0,201,2.06,2.88,Faisal_Town,223,161,48,201,201,2,3,2,3,157635
2021,18,4,05,1,2021-03-18,05:25:10am,0.0,0.0,201,2.48,3.24,Faisal_Town,223,51,48,201,201,2,2,2,3,157645
2021,18,4,05,1,2021-03-18,05:35:15am,0.0,0.0,201,4.29,4.56,Faisal_Town,223,60,52,201,201,2,2,3,3,157655
2021,18,4,05,1,2021-03-18,05:45:21am,0.0,0.0,201,4.16,4.47,Faisal_Town,223,69,54,201,201,2,2,3,3,157665
2021,18,4,05,1,2021-03-18,05:55:26am,0.0,0.0,201,3.9,4.3,Faisal_Town,223,76,57,201,201,3,2,3,3,157675
2021,18,4,06,1,2021-03-18,06:05:31am,0.0,0.0,201,3.87,4.28,Faisal_Town,223,86,60,201,201,3,2,3,3,157685
2021,18,4,06,1,2021-03-18,06:15:37am,0.0,0.0,201,3.2,3.8,Faisal_Town,223,90,62,201,201,3,2,4,2,157695
2021,18,4,06,1,2021-03-18,06:25:42am,0.0,0.0,201,3.23,3.82,Faisal_Town,223,94,63,201,201,3,2,4,2,157705
2021,18,4,06,1,2021-03-18,06:35:47am,0.0,0.0,201,2.44,3.2,Faisal_Town,223,86,60,201,201,3,2,3,3,157715
2021,18,4,06,1,2021-03-18,06:45:52am,0.0,0.0,201,2.84,3.52,Faisal_Town,223,80,59,201,201,3,2,3,3,157725
2021,18,4,06,1,2021-03-18,06:55:58am,0.0,0.0,201,2.93,3.6,Faisal_Town,223,76,57,201,201,3,3,3,3,157735
2021,18,4,07,1,2021-03-18,07:06:03am,0.0,0.0,201,2.29,3.08,Faisal_Town,223,69,55,201,201,2,3,3,3,157746
2021,18,4,07,1,2021-03-18,07:16:08am,0.0,0.0,201,2.84,3.52,Faisal_Town,223,68,54,201,201,2,3,3,4,157756
2021,18,4,07,1,2021-03-18,07:26:14am,0.0,0.0,201,2.36,3.14,Faisal_Town,223,64,53,201,201,2,3,3,4,157766
2021,18,4,07,1,2021-03-18,07:36:19am,0.0,0.0,201,3.36,3.91,Faisal_Town,223,68,55,201,201,2,3,3,3,157776
2021,18,4,07,1,2021-03-18,07:46:24am,0.0,0.0,201,4.86,4.94,Faisal_Town,223,76,57,201,201,3,3,3,3,157786
2021,18,4,07,1,2021-03-18,07:56:30am,0.0,0.0,201,3.66,4.13,Faisal_Town,223,80,58,201,201,3,3,3,3,157796
2021,18,4,08,1,2021-03-18,08:06:35am,0.0,0.0,201,2.69,3.4,Faisal_Town,223,81,59,201,201,3,2,3,3,157806
2021,18,4,08,1,2021-03-18,08:16:40am,0.0,0.0,201,2.33,3.11,Faisal_Town,223,79,58,201,201,3,2,3,3,157816
2021,18,4,08,1,2021-03-18,08:26:45am,0.0,0.0,201,1.74,2.59,Faisal_Town,223,76,57,201,201,3,2,3,3,157826
2021,18,4,08,1,2021-03-18,08:36:51am,0.0,0.0,201,1.55,2.4,Faisal_Town,223,69,54,201,201,2,2,3,3,157836
2021,18,4,08,1,2021-03-18,08:46:56am,0.0,0.0,201,2.48,3.24,Faisal_Town,223,58,51,201,201,2,3,3,3,157846
2021,18,4,08,1,2021-03-18,08:57:01am,0.0,0.0,201,2.16,2.97,Faisal_Town,223,52,49,201,201,2,3,2,3,157857
2021,18,4,09,1,2021-03-18,09:07:07am,0.0,0.0,201,3.72,4.17,Faisal_Town,223,56,50,201,201,2,3,3,3,157867
2021,18,4,09,1,2021-03-18,09:17:12am,0.0,0.0,201,2.73,3.44,Faisal_Town,223,58,51,201,201,2,3,3,3,157877
2021,18,4,09,1,2021-03-18,09:27:17am,0.0,0.0,201,2.46,3.22,Faisal_Town,223,61,52,201,201,2,3,3,3,157887
2021,18,4,09,1,2021-03-18,09:37:22am,0.0,0.0,201,1.4,2.26,Faisal_Town,223,61,52,201,201,2,2,3,3,157897
2021,18,4,09,1,2021-03-18,09:47:28am,0.0,0.0,201,2.13,2.94,Faisal_Town,223,59,51,201,201,2,2,3,3,157907
2021,18,4,09,1,2021-03-18,09:57:33am,0.0,0.0,201,1.6,2.45,Faisal_Town,223,57,50,201,201,2,2,3,2,157917
2021,18,4,10,1,2021-03-18,10:07:38am,0.0,0.0,201,1.32,2.18,Faisal_Town,223,48,45,201,201,1,2,2,3,157927
2021,18,4,10,1,2021-03-18,10:17:43am,0.0,0.0,201,1.3,2.15,Faisal_Town,223,42,42,201,201,1,2,2,3,157937
2021,18,4,10,1,2021-03-18,10:37:57am,0.0,0.0,101,3.9,4.3,Faisal_Town,209,48,45,184,201,1,2,2,3,157957
2021,18,4,10,1,2021-03-18,10:48:02am,0.0,0.0,101,4.84,4.92,Faisal_Town,196,61,51,167,201,2,2,3,3,157968
2021,18,4,10,1,2021-03-18,10:56:18am,0.0,0.0,87,4.26,4.54,Faisal_Town,186,70,54,148,201,2,2,3,3,157976
2021,18,4,11,1,2021-03-18,11:06:24am,0.0,0.0,87,4.64,4.8,Faisal_Town,177,83,58,129,201,3,2,3,3,157986
2021,18,4,11,1,2021-03-18,11:16:29am,0.0,0.0,87,4.76,4.87,Faisal_Town,168,98,63,110,201,3,1,4,2,157996
2021,18,4,11,1,2021-03-18,11:26:34am,0.0,0.0,87,4.68,4.82,Faisal_Town,158,106,68,91,201,4,1,4,2,158006
2021,18,4,11,1,2021-03-18,11:36:39am,0.0,0.0,87,3.38,3.93,Faisal_Town,157,105,68,89,184,4,1,4,2,158016
2021,18,4,11,1,2021-03-18,11:46:45am,0.0,0.0,87,2.93,3.59,Faisal_Town,156,101,65,87,167,4,2,4,3,158026
2021,18,4,11,1,2021-03-18,11:56:50am,0.0,0.0,87,4.68,4.82,Faisal_Town,156,101,66,87,148,4,2,4,3,158036
2021,18,4,12,0,2021-03-18,12:06:55pm,0.0,0.0,87,2.91,3.57,Faisal_Town,156,97,63,87,129,3,3,4,3,158046
2021,18,4,12,0,2021-03-18,12:17:00pm,0.0,0.0,87,3.83,4.25,Faisal_Town,156,93,62,87,110,3,3,4,4,158057
2021,18,4,12,0,2021-03-18,12:27:06pm,0.0,0.0,87,2.99,3.63,Faisal_Town,156,85,60,87,91,3,4,3,4,158067
2021,18,4,12,0,2021-03-18,12:47:11pm,0.0,0.0,87,2.96,3.61,Faisal_Town,156,84,60,87,89,3,4,3,4,158087
2021,18,4,13,0,2021-03-18,01:07:17pm,0.0,0.0,87,2.78,3.47,Faisal_Town,156,83,59,87,87,3,4,3,4,158107
2021,18,4,13,0,2021-03-18,01:27:22pm,0.0,0.0,87,1.63,2.49,Faisal_Town,156,70,55,87,87,2,4,3,4,158127
2021,18,4,13,0,2021-03-18,01:57:28pm,0.0,0.0,91,1.55,2.41,Faisal_Town,156,64,53,87,87,2,3,3,4,158157
2021,18,4,14,0,2021-03-18,02:07:33pm,0.0,0.0,91,1.41,2.27,Faisal_Town,157,54,49,88,87,2,3,2,4,158167
2021,18,4,14,0,2021-03-18,02:27:39pm,0.0,0.0,91,3.27,3.84,Faisal_Town,157,55,50,89,87,2,3,3,3,158187
2021,18,4,15,0,2021-03-18,03:17:53pm,0.0,0.0,40,3.91,4.3,Faisal_Town,153,59,51,81,87,2,3,3,3,158237
2021,18,4,15,0,2021-03-18,03:27:58pm,0.0,0.0,40,5.67,5.44,Faisal_Town,146,71,54,73,87,2,3,3,3,158247
2021,18,4,15,0,2021-03-18,03:38:04pm,0.0,0.0,40,4.26,4.54,Faisal_Town,133,83,58,65,87,3,2,3,3,158258
2021,18,4,15,0,2021-03-18,03:48:09pm,0.0,0.0,40,4.79,4.89,Faisal_Town,119,97,63,57,87,3,2,4,3,158268
2021,18,4,15,0,2021-03-18,03:58:14pm,0.0,0.0,40,5.49,5.33,Faisal_Town,104,106,69,48,88,4,2,4,2,158278
2021,18,4,16,0,2021-03-18,04:08:20pm,0.0,0.0,40,3.84,4.26,Faisal_Town,90,108,69,40,89,4,2,4,3,158288
2021,18,4,16,0,2021-03-18,04:18:25pm,0.0,0.0,40,4.11,4.44,Faisal_Town,90,108,70,40,81,4,2,4,3,158298
2021,18,4,16,0,2021-03-18,04:28:30pm,0.0,0.0,40,5.49,5.33,Faisal_Town,90,108,69,40,73,4,2,4,3,158308
2021,18,4,16,0,2021-03-18,04:38:36pm,0.0,0.0,40,2.96,3.61,Faisal_Town,90,105,68,40,65,4,3,4,3,158318
2021,18,4,16,0,2021-03-18,04:48:41pm,0.0,0.0,40,3.74,4.19,Faisal_Town,90,103,66,40,57,4,3,4,4,158328
2021,18,4,16,0,2021-03-18,04:58:46pm,0.0,0.0,40,3.68,4.14,Faisal_Town,90,99,64,40,48,3,4,4,4,158338
2021,18,4,17,0,2021-03-18,05:08:51pm,0.0,0.0,40,6.54,5.94,Faisal_Town,90,105,67,40,40,4,4,4,4,158348
2021,18,4,17,0,2021-03-18,05:18:57pm,0.0,0.0,40,8.43,6.98,Faisal_Town,90,114,72,40,40,5,4,5,4,158358
2021,18,4,17,0,2021-03-18,05:29:02pm,0.0,0.0,40,9.29,7.42,Faisal_Town,90,122,76,40,40,5,4,5,4,158369
2021,18,4,17,0,2021-03-18,05:39:07pm,0.0,0.0,40,10.75,8.13,Faisal_Town,90,138,84,40,40,7,4,6,4,158379
2021,18,4,17,0,2021-03-18,05:49:12pm,0.0,0.0,40,17.04,10.86,Faisal_Town,90,153,97,40,40,9,4,7,4,158389
2021,18,4,17,0,2021-03-18,05:59:18pm,0.0,0.0,40,16.39,10.59,Faisal_Town,90,158,102,40,40,11,3,8,4,158399
2021,18,4,18,0,2021-03-18,06:09:23pm,0.0,0.0,40,17.87,11.18,Faisal_Town,90,162,103,40,40,13,4,9,4,158409
2021,18,4,18,0,2021-03-18,06:19:28pm,0.0,0.0,40,19.18,11.69,Faisal_Town,90,166,104,40,40,15,5,9,5,158419
2021,18,4,18,0,2021-03-18,06:29:33pm,0.0,0.0,40,17.87,11.18,Faisal_Town,90,169,105,40,40,16,5,10,5,158429
2021,18,4,18,0,2021-03-18,06:39:39pm,0.0,0.0,40,25.6,14.01,Faisal_Town,90,175,107,40,40,18,7,11,6,158439
2021,18,4,18,0,2021-03-18,06:49:44pm,0.0,0.0,40,28.53,15.0,Faisal_Town,90,179,108,40,40,20,9,12,7,158449
2021,18,4,18,0,2021-03-18,06:59:49pm,0.0,0.0,40,20.58,12.22,Faisal_Town,90,181,109,40,40,21,11,12,8,158459
2021,18,4,19,0,2021-03-18,07:09:54pm,0.0,0.0,40,25.2,13.88,Faisal_Town,90,183,109,40,40,22,13,12,9,158469
2021,18,4,19,0,2021-03-18,07:30:00pm,0.0,0.0,40,26.61,14.36,Faisal_Town,90,186,110,40,40,24,15,13,9,158490
2021,18,4,19,0,2021-03-18,07:40:06pm,0.0,0.0,40,21.9,12.71,Faisal_Town,90,188,111,40,40,24,16,13,10,158500
2021,18,4,19,0,2021-03-18,07:50:11pm,0.0,0.0,40,20.58,12.22,Faisal_Town,90,186,110,40,40,23,18,13,11,158510
2021,18,4,20,0,2021-03-18,08:00:16pm,0.0,0.0,40,23.5,13.28,Faisal_Town,90,184,110,40,40,23,20,13,12,158520
2021,18,4,20,0,2021-03-18,08:10:21pm,0.0,0.0,40,22.6,12.96,Faisal_Town,90,185,110,40,40,23,21,13,12,158530
2021,18,4,20,0,2021-03-18,08:20:27pm,0.0,0.0,40,22.77,13.02,Faisal_Town,90,184,110,40,40,22,22,13,12,158540
2021,18,4,20,0,2021-03-18,08:30:34pm,0.0,0.0,40,25.6,14.01,Faisal_Town,90,183,109,40,40,22,24,13,13,158550
2021,18,4,20,0,2021-03-18,08:40:40pm,0.0,0.0,40,30.12,15.52,Faisal_Town,90,187,110,40,40,24,24,13,13,158560
2021,18,4,20,0,2021-03-18,08:58:46pm,0.0,0.0,40,21.23,12.46,Faisal_Town,90,187,110,40,40,24,23,13,13,158578
2021,18,4,21,0,2021-03-18,09:34:47pm,0.0,0.0,40,37.69,17.87,Faisal_Town,90,192,112,40,40,26,23,14,13,158614
2021,18,4,22,0,2021-03-18,10:31:49pm,0.0,0.0,40,39.48,18.4,Faisal_Town,90,198,113,40,40,29,23,15,13,158671
2021,18,4,22,0,2021-03-18,10:52:07pm,0.0,0.0,40,40.4,18.67,Faisal_Town,90,204,115,40,40,32,22,16,13,158692
2021,18,4,23,0,2021-03-18,11:02:25pm,0.0,0.0,40,33.31,16.54,Faisal_Town,90,206,115,40,40,33,22,16,13,158702
2021,18,4,23,0,2021-03-18,11:43:32pm,0.0,0.0,40,34.89,17.02,Faisal_Town,90,207,116,40,40,34,24,16,13,158743
2021,18,4,0,1,2021-03-18,12:11:14am,0.0,0.0,191,5.64,5.42,Faisal_Town,133,203,114,65,40,31,24,15,13,157331
2021,19,5,0,1,2021-03-19,12:50:06am,0.0,0.0,191,4.87,4.94,Faisal_Town,158,192,110,90,40,26,26,13,14,158810
2021,19,5,01,1,2021-03-19,01:41:57am,0.0,0.0,191,1.59,2.44,Faisal_Town,170,177,106,115,40,20,29,10,15,158861
2021,19,5,02,1,2021-03-19,02:07:52am,0.0,0.0,191,2.25,3.05,Faisal_Town,183,163,102,140,40,13,32,8,16,158887
2021,19,5,02,1,2021-03-19,02:39:15am,0.0,0.0,191,2.68,3.39,Faisal_Town,195,152,83,165,40,8,33,6,16,158919
2021,19,5,03,1,2021-03-19,03:25:11am,0.0,0.0,191,1.71,2.56,Faisal_Town,215,77,56,191,40,3,34,3,16,158965
2021,19,5,03,1,2021-03-19,03:25:13am,0.0,0.0,191,1.79,2.64,Faisal_Town,215,60,51,191,65,2,31,3,15,158965
2021,19,5,03,1,2021-03-19,03:38:57am,0.0,0.0,191,1.6,2.46,Faisal_Town,215,48,45,191,90,1,26,2,13,158978
2021,19,5,04,1,2021-03-19,04:00:27am,0.0,0.0,191,2.03,2.86,Faisal_Town,215,161,47,191,115,2,20,2,10,159000
2021,19,5,04,1,2021-03-19,04:22:33am,0.0,0.0,186,4.3,4.57,Faisal_Town,214,57,50,190,140,2,13,3,8,159022
2021,19,5,04,1,2021-03-19,04:40:51am,0.0,0.0,186,9.19,7.36,Faisal_Town,213,85,58,189,165,3,8,3,6,159040
2021,19,5,04,1,2021-03-19,04:50:17am,0.0,0.0,186,3.76,4.2,Faisal_Town,212,94,61,188,191,3,3,4,3,159050
2021,19,5,05,1,2021-03-19,05:20:46am,0.0,0.0,186,3.36,3.91,Faisal_Town,211,164,63,187,191,4,2,4,3,159080
2021,19,5,05,1,2021-03-19,05:32:08am,0.0,0.0,186,2.29,3.08,Faisal_Town,210,101,64,186,191,4,1,4,2,159092
2021,19,5,05,1,2021-03-19,05:52:24am,0.0,0.0,186,2.41,3.18,Faisal_Town,210,102,65,186,191,4,2,4,2,159112
2021,19,5,06,1,2021-03-19,06:22:04am,0.0,0.0,186,3.5,4.01,Faisal_Town,210,164,64,186,190,4,2,4,3,159142
2021,19,5,06,1,2021-03-19,06:48:45am,0.0,0.0,186,2.33,3.11,Faisal_Town,210,72,56,186,189,2,3,3,3,159168
2021,19,5,08,1,2021-03-19,08:35:57am,0.0,0.0,29,2.29,3.08,Faisal_Town,192,66,54,159,188,2,3,3,4,159275
2021,19,5,08,1,2021-03-19,08:36:17am,0.0,0.0,187,4.51,4.71,Faisal_Town,192,71,55,160,187,2,4,3,4,159276
2021,19,5,08,1,2021-03-19,08:42:18am,0.0,0.0,29,2.77,3.46,Faisal_Town,179,73,56,133,186,2,4,3,4,159282
2021,19,5,09,1,2021-03-19,09:12:24am,0.0,0.0,29,1.4,2.26,Faisal_Town,166,69,54,107,186,2,4,3,4,159312
2021,19,5,09,1,2021-03-19,09:38:46am,0.0,0.0,29,1.63,2.49,Faisal_Town,153,61,51,81,186,2,4,3,4,159338
2021,19,5,09,1,2021-03-19,09:42:50am,0.0,0.0,29,1.32,2.18,Faisal_Town,116,56,50,55,186,2,2,3,3,159342
2021,19,5,10,1,2021-03-19,10:28:43am,0.0,0.0,29,1.28,2.13,Faisal_Town,116,52,47,55,159,2,2,2,3,159388
2021,19,5,11,1,2021-03-19,11:06:52am,0.0,0.0,29,1.55,2.41,Faisal_Town,71,41,41,29,160,1,2,2,3,159426
2021,19,5,12,0,2021-03-19,12:27:43pm,0.0,0.0,77,2.87,3.54,Faisal_Town,85,41,41,37,133,1,2,2,3,159507
2021,19,5,12,0,2021-03-19,12:38:57pm,0.0,0.0,77,3.44,3.97,Faisal_Town,98,48,46,45,107,2,2,2,3,159518
2021,19,5,12,0,2021-03-19,12:51:53pm,0.0,0.0,77,2.59,3.33,Faisal_Town,112,52,48,53,81,2,2,2,3,159531
2021,19,5,12,0,2021-03-19,12:55:11pm,0.0,0.0,77,2.3,3.09,Faisal_Town,126,57,50,61,55,2,2,3,3,159535
2021,19,5,13,0,2021-03-19,01:25:05pm,0.0,0.0,77,2.26,3.05,Faisal_Town,139,61,52,69,55,2,2,3,2,159565
2021,19,5,13,0,2021-03-19,01:54:45pm,0.0,0.0,77,1.21,2.06,Faisal_Town,151,59,51,77,29,2,1,3,2,159594
2021,19,5,14,0,2021-03-19,02:04:50pm,0.0,0.0,76,1.25,2.11,Faisal_Town,151,52,48,76,37,2,1,2,2,159604
2021,19,5,16,0,2021-03-19,04:35:45pm,0.0,0.0,31,4.22,4.52,Faisal_Town,139,56,50,69,45,2,2,3,2,159755
2021,19,5,16,0,2021-03-19,04:45:50pm,0.0,0.0,31,4.19,4.49,Faisal_Town,126,63,52,61,53,2,2,3,2,159765
2021,19,5,16,0,2021-03-19,04:55:56pm,0.0,0.0,31,4.68,4.82,Faisal_Town,112,73,55,53,61,2,2,3,3,159775
2021,19,5,17,0,2021-03-19,05:06:01pm,0.0,0.0,31,5.64,5.42,Faisal_Town,101,87,59,46,69,3,2,3,3,159786
2021,19,5,17,0,2021-03-19,05:16:06pm,0.0,0.0,31,5.84,5.54,Faisal_Town,86,103,66,38,77,4,2,4,3,159796
2021,19,5,17,0,2021-03-19,05:26:11pm,0.0,0.0,31,5.41,5.28,Faisal_Town,75,112,72,31,76,4,2,5,2,159806
2021,19,5,17,0,2021-03-19,05:36:17pm,0.0,0.0,31,8.34,6.93,Faisal_Town,75,120,76,31,69,5,2,5,3,159816
2021,19,5,17,0,2021-03-19,05:46:22pm,0.0,0.0,31,14.23,9.69,Faisal_Town,75,141,86,31,61,7,2,6,3,159826
2021,19,5,17,0,2021-03-19,05:56:27pm,0.0,0.0,31,23.02,13.11,Faisal_Town,75,156,101,31,53,10,2,7,3,159836
2021,19,5,18,0,2021-03-19,06:06:33pm,0.0,0.0,31,19.68,11.88,Faisal_Town,75,161,102,31,46,12,3,8,3,159846
2021,19,5,18,0,2021-03-19,06:16:38pm,0.0,0.0,31,19.53,11.82,Faisal_Town,75,166,104,31,38,15,4,9,4,159856
2021,19,5,18,0,2021-03-19,06:26:43pm,0.0,0.0,31,26.91,14.46,Faisal_Town,75,174,107,31,31,18,4,11,5,159866
2021,19,5,18,0,2021-03-19,06:36:49pm,0.0,0.0,31,39.35,18.36,Faisal_Town,75,186,110,31,31,23,5,13,5,159876
2021,19,5,18,0,2021-03-19,06:46:54pm,0.0,0.0,31,32.43,16.26,Faisal_Town,75,192,112,31,31,26,7,14,6,159886
2021,19,5,18,0,2021-03-19,06:57:00pm,0.0,0.0,31,30.95,15.79,Faisal_Town,75,195,112,31,31,28,10,14,7,159897
2021,19,5,19,0,2021-03-19,07:07:05pm,0.0,0.0,31,33.45,16.58,Faisal_Town,75,201,114,31,31,30,12,15,8,159907
2021,19,5,19,0,2021-03-19,07:17:11pm,0.0,0.0,31,30.72,15.71,Faisal_Town,75,204,115,31,31,32,15,16,9,159917
2021,19,5,19,0,2021-03-19,07:27:16pm,0.0,0.0,31,28.86,15.11,Faisal_Town,75,204,115,31,31,32,18,16,11,159927
2021,19,5,19,0,2021-03-19,07:37:21pm,0.0,0.0,31,44.18,19.74,Faisal_Town,75,205,115,31,31,33,23,16,13,159937
2021,19,5,19,0,2021-03-19,07:47:26pm,0.0,0.0,31,45.56,20.13,Faisal_Town,75,208,116,31,31,35,26,17,14,159947
2021,19,5,19,0,2021-03-19,07:57:32pm,0.0,0.0,31,52.34,21.96,Faisal_Town,75,213,118,31,31,39,28,18,14,159957
2021,19,5,20,0,2021-03-19,08:07:37pm,0.0,0.0,31,45.21,20.03,Faisal_Town,75,216,119,31,31,41,30,18,15,159967
2021,19,5,20,0,2021-03-19,08:17:42pm,0.0,0.0,31,44.18,19.74,Faisal_Town,75,219,120,31,31,43,32,19,16,159977
2021,19,5,20,0,2021-03-19,08:27:48pm,0.0,0.0,31,46.99,20.52,Faisal_Town,75,224,121,31,31,46,32,20,16,159987
2021,19,5,20,0,2021-03-19,08:37:53pm,0.0,0.0,31,45.56,20.13,Faisal_Town,75,224,122,31,31,46,33,20,16,159997
2021,19,5,20,0,2021-03-19,08:47:58pm,0.0,0.0,31,47.72,20.72,Faisal_Town,75,224,122,31,31,47,35,20,17,160007
2021,19,5,20,0,2021-03-19,08:58:12pm,0.0,0.0,85,3.99,4.36,Faisal_Town,90,213,117,40,31,38,39,17,18,160018
2021,19,5,21,0,2021-03-19,09:08:17pm,0.0,0.0,85,5.73,5.47,Faisal_Town,106,204,113,49,31,32,41,15,18,160028
2021,19,5,21,0,2021-03-19,09:18:22pm,0.0,0.0,85,6.33,5.83,Faisal_Town,121,191,109,58,31,26,43,12,19,160038
2021,19,5,21,0,2021-03-19,09:28:28pm,0.0,0.0,85,6.53,5.94,Faisal_Town,136,176,105,67,31,19,46,10,20,160048
2021,19,5,21,0,2021-03-19,09:38:33pm,0.0,0.0,85,7.05,6.24,Faisal_Town,151,161,101,76,31,12,46,8,20,160058
2021,19,5,21,0,2021-03-19,09:58:43pm,0.0,0.0,85,8.75,7.14,Faisal_Town,155,129,81,85,31,6,47,5,20,160078
2021,19,5,22,0,2021-03-19,10:08:49pm,0.0,0.0,85,7.62,6.54,Faisal_Town,155,137,85,85,40,7,38,6,17,160088
2021,19,5,22,0,2021-03-19,10:18:54pm,0.0,0.0,85,7.85,6.67,Faisal_Town,155,141,87,85,49,7,32,6,15,160098
2021,19,5,22,0,2021-03-19,10:28:59pm,0.0,0.0,85,8.62,7.07,Faisal_Town,155,146,89,85,58,7,26,6,12,160108
2021,19,5,22,0,2021-03-19,10:39:05pm,0.0,0.0,85,6.53,5.94,Faisal_Town,155,146,89,85,67,7,19,6,10,160119
2021,19,5,22,0,2021-03-19,10:49:10pm,0.0,0.0,85,7.16,6.3,Faisal_Town,155,146,90,85,76,7,12,6,8,160129
2021,19,5,22,0,2021-03-19,10:59:15pm,0.0,0.0,85,6.23,5.77,Faisal_Town,155,141,87,85,85,7,6,6,5,160139
2021,19,5,23,0,2021-03-19,11:09:21pm,0.0,0.0,85,6.33,5.83,Faisal_Town,155,138,86,85,85,7,7,6,6,160149
2021,19,5,23,0,2021-03-19,11:19:26pm,0.0,0.0,85,4.84,4.92,Faisal_Town,155,132,82,85,85,6,7,5,6,160159
2021,19,5,23,0,2021-03-19,11:29:32pm,0.0,0.0,85,4.02,4.38,Faisal_Town,155,123,77,85,85,5,7,5,6,160169
2021,19,5,23,0,2021-03-19,11:39:37pm,0.0,0.0,85,3.52,4.03,Faisal_Town,155,116,74,85,85,5,7,5,6,160179
2021,19,5,23,0,2021-03-19,11:49:43pm,0.0,0.0,85,2.43,3.19,Faisal_Town,155,106,68,85,85,4,7,4,6,160189
2021,20,6,0,1,2021-03-20,12:00:53am,0.0,0.0,85,2.08,2.9,Faisal_Town,155,96,63,85,85,3,7,4,6,160200
2021,20,6,0,1,2021-03-20,12:29:29am,0.0,0.0,85,1.6,2.46,Faisal_Town,155,76,57,85,85,3,7,3,6,160229
2021,20,6,0,1,2021-03-20,12:36:20am,0.0,0.0,85,1.75,2.6,Faisal_Town,155,63,52,85,85,2,6,3,5,160236
2021,20,6,01,1,2021-03-20,01:02:18am,0.0,0.0,85,2.05,2.87,Faisal_Town,155,54,49,85,85,2,5,3,5,160262
2021,20,6,01,1,2021-03-20,01:02:18am,0.0,0.0,85,1.83,2.68,Faisal_Town,155,48,46,85,85,1,5,2,5,160262
2021,20,6,01,1,2021-03-20,01:11:57am,0.0,0.0,85,1.35,2.21,Faisal_Town,155,44,43,85,85,1,4,2,4,160271
2021,20,6,01,1,2021-03-20,01:40:12am,0.0,0.0,92,4.45,4.67,Faisal_Town,156,52,48,86,85,2,3,2,4,160300
2021,20,6,01,1,2021-03-20,01:41:34am,0.0,0.0,92,4.11,4.44,Faisal_Town,156,63,52,87,85,2,3,3,3,160301
2021,20,6,02,1,2021-03-20,02:22:37am,0.0,0.0,92,2.54,3.28,Faisal_Town,157,67,53,88,85,2,2,3,3,160342
2021,20,6,02,1,2021-03-20,02:34:10am,0.0,0.0,92,2.56,3.3,Faisal_Town,157,69,54,89,85,2,2,3,3,160354
2021,20,6,03,1,2021-03-20,03:37:03am,0.0,0.0,92,2.36,3.13,Faisal_Town,158,71,55,90,85,2,1,3,2,160417
2021,20,6,04,1,2021-03-20,04:25:24am,0.0,0.0,92,2.87,3.54,Faisal_Town,159,78,57,92,85,3,1,3,2,160465
2021,20,6,04,1,2021-03-20,04:45:17am,0.0,0.0,93,3.48,4.0,Faisal_Town,159,73,56,92,86,2,2,3,2,160485
2021,20,6,04,1,2021-03-20,04:53:49am,0.0,0.0,93,5.13,5.11,Faisal_Town,159,78,57,92,87,3,2,3,3,160493
2021,20,6,05,1,2021-03-20,05:54:14am,0.0,0.0,93,3.51,4.02,Faisal_Town,159,82,59,92,88,3,2,3,3,160554
2021,20,6,06,1,2021-03-20,06:20:05am,0.0,0.0,158,4.9,4.96,Faisal_Town,164,92,62,103,89,3,2,4,3,160580
2021,20,6,06,1,2021-03-20,06:21:30am,0.0,0.0,158,1.7,2.55,Faisal_Town,170,89,61,114,90,3,2,4,3,160581
2021,20,6,06,1,2021-03-20,06:45:11am,0.0,0.0,158,1.35,2.2,Faisal_Town,175,83,58,125,92,3,3,3,3,160605
2021,20,6,06,1,2021-03-20,06:54:28am,0.0,0.0,158,1.9,2.73,Faisal_Town,181,76,56,136,92,3,2,3,3,160614
2021,20,6,07,1,2021-03-20,07:57:16am,0.0,0.0,158,2.54,3.29,Faisal_Town,186,65,53,147,92,2,3,3,3,160677
2021,20,6,08,1,2021-03-20,08:12:58am,0.0,0.0,158,4.42,4.65,Faisal_Town,191,69,54,158,92,2,3,3,3,160692
2021,20,6,08,1,2021-03-20,08:12:58am,0.0,0.0,158,2.22,3.01,Faisal_Town,191,57,50,158,103,2,3,3,4,160692
2021,20,6,08,1,2021-03-20,08:51:44am,0.0,0.0,158,2.22,3.01,Faisal_Town,191,59,51,158,114,2,3,3,4,160731
2021,20,6,09,1,2021-03-20,09:18:29am,0.0,0.0,158,2.83,3.51,Faisal_Town,191,66,53,158,125,2,3,3,3,160758
2021,20,6,10,1,2021-03-20,10:15:57am,0.0,0.0,131,3.46,3.98,Faisal_Town,189,72,56,153,136,2,3,3,3,160815
2021,20,6,10,1,2021-03-20,10:25:38am,0.0,0.0,131,3.66,4.13,Faisal_Town,187,77,57,149,147,3,2,3,3,160825
2021,20,6,11,1,2021-03-20,11:07:54am,0.0,0.0,131,6.22,5.76,Faisal_Town,185,85,59,144,158,3,2,3,3,160867
2021,20,6,11,1,2021-03-20,11:26:47am,0.0,0.0,131,3.57,4.07,Faisal_Town,183,91,61,140,158,3,2,4,3,160886
2021,20,6,11,1,2021-03-20,11:46:28am,0.0,0.0,131,2.79,3.48,Faisal_Town,180,93,62,135,158,3,2,4,3,160906
2021,20,6,12,0,2021-03-20,12:06:28pm,0.0,0.0,131,3.46,3.98,Faisal_Town,178,96,63,131,158,3,2,4,3,160926
2021,20,6,12,0,2021-03-20,12:16:33pm,0.0,0.0,131,4.17,4.48,Faisal_Town,178,99,64,131,153,3,2,4,3,160936
2021,20,6,12,0,2021-03-20,12:26:39pm,0.0,0.0,131,2.77,3.46,Faisal_Town,178,95,63,131,149,3,3,4,3,160946
2021,20,6,12,0,2021-03-20,12:36:44pm,0.0,0.0,131,2.81,3.5,Faisal_Town,178,80,59,131,144,3,3,3,3,160956
2021,20,6,12,0,2021-03-20,12:46:50pm,0.0,0.0,131,2.67,3.39,Faisal_Town,178,77,57,131,140,3,3,3,4,160966
2021,20,6,12,0,2021-03-20,12:56:55pm,0.0,0.0,132,3.66,4.13,Faisal_Town,178,80,59,131,135,3,3,3,4,160976
2021,20,6,13,0,2021-03-20,01:07:01pm,0.0,0.0,132,2.79,3.48,Faisal_Town,178,77,58,131,131,3,3,3,4,160987
2021,20,6,13,0,2021-03-20,01:17:06pm,0.0,0.0,132,2.57,3.3,Faisal_Town,178,71,55,131,131,2,3,3,4,160997
2021,20,6,13,0,2021-03-20,01:27:11pm,0.0,0.0,132,2.26,3.05,Faisal_Town,178,68,55,131,131,2,3,3,4,161007
2021,20,6,13,0,2021-03-20,01:37:17pm,0.0,0.0,132,2.28,3.07,Faisal_Town,178,66,54,131,131,2,3,3,3,161017
2021,20,6,13,0,2021-03-20,01:47:23pm,0.0,0.0,132,2.22,3.02,Faisal_Town,179,64,53,132,131,2,3,3,3,161027
2021,20,6,13,0,2021-03-20,01:57:28pm,0.0,0.0,132,3.29,3.86,Faisal_Town,179,63,53,132,131,2,3,3,3,161037
2021,20,6,14,0,2021-03-20,02:07:47pm,0.0,0.0,132,2.67,3.39,Faisal_Town,179,62,53,132,131,2,3,3,3,161047
2021,20,6,14,0,2021-03-20,02:21:53pm,0.0,0.0,132,4.2,4.5,Faisal_Town,179,69,55,132,131,2,2,3,3,161061
2021,20,6,14,0,2021-03-20,02:49:11pm,0.0,0.0,35,3.93,4.32,Faisal_Town,170,76,57,115,131,3,2,3,3,161089
2021,20,6,16,0,2021-03-20,04:38:56pm,0.0,0.0,35,11.61,8.53,Faisal_Town,162,107,67,99,131,4,2,4,3,161198
2021,20,6,16,0,2021-03-20,04:50:19pm,0.0,0.0,35,5.4,5.27,Faisal_Town,154,114,71,83,132,5,2,4,3,161210
2021,20,6,16,0,2021-03-20,04:59:27pm,0.0,0.0,35,5.09,5.08,Faisal_Town,136,118,74,67,132,5,2,5,3,161219
2021,20,6,18,0,2021-03-20,06:43:57pm,0.0,0.0,35,28.45,14.98,Faisal_Town,109,154,95,51,132,9,2,7,3,161323
2021,20,6,18,0,2021-03-20,06:49:22pm,0.0,0.0,61,3.97,4.34,Faisal_Town,88,154,95,39,132,9,2,7,3,161329
2021,20,6,18,0,2021-03-20,06:59:24pm,0.0,0.0,61,5.19,5.15,Faisal_Town,95,155,96,43,115,9,3,7,3,161339
2021,20,6,19,0,2021-03-20,07:34:03pm,0.0,0.0,61,5.11,5.1,Faisal_Town,104,152,90,48,99,8,4,6,4,161374
2021,20,6,19,0,2021-03-20,07:38:52pm,0.0,0.0,69,5.73,5.47,Faisal_Town,112,152,90,53,83,8,5,6,4,161378
2021,20,6,19,0,2021-03-20,07:53:45pm,0.0,0.0,69,5.64,5.42,Faisal_Town,122,153,91,59,67,9,5,6,5,161393
2021,20,6,20,0,2021-03-20,08:13:24pm,0.0,0.0,69,5.55,5.36,Faisal_Town,133,114,73,65,51,5,9,5,7,161413
2021,20,6,20,0,2021-03-20,08:15:46pm,0.0,0.0,69,6.01,5.64,Faisal_Town,134,119,76,66,39,5,9,5,7,161415
2021,20,6,20,0,2021-03-20,08:55:00pm,0.0,0.0,69,14.73,9.9,Faisal_Town,136,139,84,67,43,7,9,6,7,161455
2021,20,6,20,0,2021-03-20,08:55:00pm,0.0,0.0,69,14.73,9.9,Faisal_Town,139,152,93,69,48,8,8,6,6,161455
2021,20,6,21,0,2021-03-20,09:32:04pm,0.0,0.0,69,23.38,13.24,Faisal_Town,139,158,102,69,53,11,8,8,6,161492
2021,20,6,22,0,2021-03-20,10:01:33pm,0.0,0.0,69,19.44,11.79,Faisal_Town,139,164,103,69,59,13,9,9,6,161521
2021,21,7,0,1,2021-03-21,12:50:38am,0.0,0.0,130,4.67,4.81,Faisal_Town,152,163,103,79,65,13,5,9,5,161690
2021,21,7,01,1,2021-03-21,01:00:36am,0.0,0.0,130,3.88,4.28,Faisal_Town,157,163,103,89,66,13,5,8,5,161700
2021,21,7,01,1,2021-03-21,01:41:07am,0.0,0.0,130,3.37,3.92,Faisal_Town,162,158,101,99,67,11,7,7,6,161741
2021,21,7,01,1,2021-03-21,01:51:06am,0.0,0.0,130,4.0,4.37,Faisal_Town,167,154,95,109,69,9,8,7,6,161751
2021,21,7,02,1,2021-03-21,02:01:16am,0.0,0.0,130,5.33,5.23,Faisal_Town,172,134,80,119,69,6,11,5,8,161761
2021,21,7,02,1,2021-03-21,02:11:35am,0.0,0.0,130,7.97,6.73,Faisal_Town,178,110,70,130,69,4,13,4,9,161771
2021,21,7,02,1,2021-03-21,02:26:30am,0.0,0.0,130,3.48,4.0,Faisal_Town,178,108,69,130,79,4,13,4,9,161786
2021,21,7,03,1,2021-03-21,03:32:50am,0.0,0.0,131,2.16,2.96,Faisal_Town,178,104,66,130,89,4,13,4,8,161852
2021,21,7,03,1,2021-03-21,03:52:05am,0.0,0.0,131,0.85,1.65,Faisal_Town,178,99,62,130,99,3,11,4,7,161872
2021,21,7,04,1,2021-03-21,04:02:10am,0.0,0.0,131,0.86,1.66,Faisal_Town,178,85,57,130,109,3,9,3,7,161882
2021,21,7,04,1,2021-03-21,04:12:15am,0.0,0.0,131,0.74,1.51,Faisal_Town,178,65,50,130,119,2,6,3,5,161892
2021,21,7,04,1,2021-03-21,04:22:20am,0.0,0.0,131,0.42,1.06,Faisal_Town,178,35,35,130,130,1,4,2,4,161902
2021,21,7,04,1,2021-03-21,04:32:26am,0.0,0.0,131,0.35,0.94,Faisal_Town,178,22,27,131,130,0,4,1,4,161912
2021,21,7,04,1,2021-03-21,04:42:31am,0.0,0.0,131,0.32,0.89,Faisal_Town,178,14,21,131,130,0,4,1,4,161922
